Date,Open,High,Low,Close
11/2/2015,1140.95,1143.2,1132.9,1134.72
11/3/2015,1135.11,1138.54,1114.87,1117.93
11/4/2015,1121.6,1123.11,1106.66,1107.95
11/5/2015,1108.85,1111.77,1103.26,1104.63
11/6/2015,1106.15,1110.71,1085.78,1088.36
11/9/2015,1089.94,1095.83,1088.79,1092.28
11/10/2015,1091.57,1094.87,1085.7,1090.32
11/11/2015,1089.69,1093.86,1084.42,1086.46
11/12/2015,1087.79,1089.81,1074.51,1085.8
11/13/2015,1085.06,1088.64,1079.98,1082.07
11/16/2015,1090.33,1098.24,1081.67,1083.94
11/17/2015,1084.07,1084.95,1065.63,1071.24
11/18/2015,1068.6,1075.73,1065,1070.7
11/19/2015,1073.67,1087.42,1069.93,1082.07
11/20/2015,1082.39,1088.25,1076.15,1077.73
11/23/2015,1075.84,1076.02,1067.09,1068.63
11/24/2015,1070.34,1081.27,1069.9,1075.6
11/25/2015,1076.67,1080.94,1068.25,1072.13
11/26/2015,1071.97,1075.1,1069.96,1072.22
11/27/2015,1073.3,1074,1052.87,1058.63
11/30/2015,1057.57,1069.98,1053.51,1064.66
12/1/2015,1064.92,1074.77,1063.4,1069.24
12/2/2015,1070.35,1070.65,1051,1054.13
12/3/2015,1053.95,1065.69,1046.64,1061.79
12/4/2015,1064.41,1089.09,1058.53,1087.07
12/7/2015,1084.64,1086.88,1067.12,1071.34
12/8/2015,1072.3,1079.23,1068.02,1075.03
12/9/2015,1076.27,1085.5,1069.92,1073.22
12/10/2015,1073.24,1076.68,1069.69,1072.08
12/11/2015,1070.61,1079.66,1062.79,1077.26
12/14/2015,1072.81,1077.62,1059.01,1060.19
12/15/2015,1063.74,1068.68,1059.7,1061.73
12/16/2015,1062.5,1078.58,1062.29,1072.26
12/17/2015,1071.09,1073.21,1048.03,1051.58
12/18/2015,1053.45,1071.3,1051.49,1066.65
12/21/2015,1064.42,1081.86,1064.19,1080.28
12/22/2015,1078.52,1081,1072.01,1072.47
12/23/2015,1073.62,1075.73,1068.37,1071.13
12/24/2015,1072.31,1077.16,1071.48,1076.88
12/28/2015,1076.6,1076.64,1066.77,1069.83
12/29/2015,1068.99,1075.52,1067.77,1069.11
12/30/2015,1069.17,1072.47,1059.71,1061.53
12/31/2015,1061.77,1063.66,1058.81,1061.46
1/4/2016,1064.65,1083.73,1062.61,1074.42
1/5/2016,1075.42,1082.29,1074.77,1077.94
1/6/2016,1077.97,1095.43,1075.28,1093.77
1/7/2016,1093.55,1110.16,1091.69,1109.92
1/8/2016,1109.5,1109.5,1093.44,1103.96
1/11/2016,1106.95,1108.49,1093.97,1094.56
1/12/2016,1096.23,1099.44,1083.83,1086.41
1/13/2016,1086.51,1095.67,1080.08,1093.66
1/14/2016,1094.58,1095.39,1071.68,1079.23
1/15/2016,1077.59,1097.45,1076.55,1088.11
1/18/2016,1091,1093.53,1087.82,1089.1
1/19/2016,1089,1094.53,1083.21,1087.83
1/20/2016,1089.5,1109.22,1088.83,1101.32
1/21/2016,1099.13,1104.6,1092.84,1101.41
1/22/2016,1100.03,1102.85,1094.16,1097.66
1/25/2016,1098.47,1109.2,1098.14,1107.95
1/26/2016,1108.34,1123.21,1108.15,1120.08
1/27/2016,1120.91,1128.11,1115.01,1125.06
1/28/2016,1123.26,1123.8,1111.66,1115.13
1/29/2016,1114.88,1118.48,1108.78,1117.69
2/1/2016,1117.94,1130.01,1117.23,1127.9
2/2/2016,1129.89,1130.26,1122.48,1129.07
2/3/2016,1126.71,1145.74,1124.56,1142.65
2/4/2016,1141.95,1157.64,1139.92,1156.09
2/5/2016,1153.52,1174.79,1145.53,1173.45
2/8/2016,1167.24,1201.11,1164.57,1189.42
2/9/2016,1191.63,1199.19,1186.01,1189.08
2/10/2016,1190.44,1198.04,1181.78,1195.8
2/11/2016,1205.3,1263.13,1204.99,1247.25
2/12/2016,1240.66,1246.31,1232.78,1238.61
2/15/2016,1232.78,1232.8,1202.2,1209.52
2/16/2016,1207.65,1217.23,1191.19,1200.8
2/17/2016,1197.76,1213.86,1195.97,1209.41
2/18/2016,1207.99,1240.02,1201.04,1230.9
2/19/2016,1230.75,1234.75,1220.08,1229.46
2/22/2016,1224.08,1226.46,1202.27,1208.38
2/23/2016,1208.44,1228.43,1208.11,1226.09
2/24/2016,1230.11,1253.41,1222.2,1228.87
2/25/2016,1226.84,1243,1226.01,1233.17
2/26/2016,1236.28,1240.4,1211.56,1224.01
2/29/2016,1222.41,1241.3,1220.46,1238.86
3/1/2016,1240.49,1248.77,1227.48,1232.66
3/2/2016,1231.44,1244.23,1225.02,1239.83
3/3/2016,1239.49,1268.55,1237.72,1264.87
3/4/2016,1260.2,1279.97,1250.78,1261.55
3/7/2016,1264.23,1273.43,1257.12,1267.54
3/8/2016,1269.38,1278.16,1260.51,1261.67
3/9/2016,1261.83,1265.19,1243.26,1253.93
3/10/2016,1252.87,1273.42,1237.15,1272.29
3/11/2016,1271.05,1283.04,1248.87,1250.22
3/14/2016,1251.21,1261.29,1229.61,1233.94
3/15/2016,1235.54,1238.32,1226.27,1233.46
3/16/2016,1232.9,1264.16,1226.95,1260.7
3/17/2016,1260.25,1271.2,1254.72,1257.17
3/18/2016,1259.28,1267.09,1248.16,1255.67
3/21/2016,1255.64,1255.93,1240.97,1243.69
3/22/2016,1244.06,1260.18,1242.7,1248.76
3/23/2016,1247.86,1249.64,1215.64,1222.44
3/24/2016,1222.87,1223.99,1212.96,1217.18
3/28/2016,1216.39,1223.09,1208.64,1221.97
3/29/2016,1221.63,1243.16,1215.68,1242.05
3/30/2016,1242.7,1244.24,1223.8,1225.37
3/31/2016,1225.81,1240.47,1224.24,1232.95
4/1/2016,1232.78,1235.35,1209.41,1223.75
4/4/2016,1220.54,1222.84,1214.76,1215.59
4/5/2016,1215.66,1236.85,1214.95,1231.32
4/6/2016,1231.6,1232.45,1217.62,1222.73
4/7/2016,1223.36,1243.49,1222.96,1240.42
4/8/2016,1240.26,1242.98,1229.98,1239.8
4/11/2016,1240.25,1258.97,1240.25,1258.1
4/12/2016,1258.36,1262.74,1251.64,1255.49
4/13/2016,1255.47,1256.98,1240.15,1242.88
4/14/2016,1242.29,1244.28,1223.99,1227.85
4/15/2016,1227.67,1236.06,1225.61,1234.26
4/18/2016,1235.11,1241.83,1230.37,1232.25
4/19/2016,1232.69,1256.86,1227.99,1250.29
4/20/2016,1250.8,1258.14,1242.75,1244.09
4/21/2016,1243.02,1270.35,1243.02,1248.33
4/22/2016,1247.2,1252.79,1227.71,1233.84
4/25/2016,1233.28,1242.44,1230.39,1238.32
4/26/2016,1238.38,1245.03,1231.74,1243.64
4/27/2016,1243.94,1252.77,1240.43,1245.78
4/28/2016,1245.83,1269.8,1238.46,1266.25
4/29/2016,1266.57,1296.74,1265.35,1293.03
5/2/2016,1291.31,1303.89,1287.95,1291.85
5/3/2016,1291.91,1302.04,1282.54,1286.62
5/4/2016,1286.06,1289.7,1271.92,1279.7
5/5/2016,1280.01,1286.44,1269.26,1278.12
5/6/2016,1278.65,1295.83,1274.75,1288.89
5/9/2016,1285.16,1287.83,1261.59,1264.09
5/10/2016,1264.41,1269.68,1257.42,1265.96
5/11/2016,1266.31,1279.18,1265.1,1277.28
5/12/2016,1277.84,1281.01,1262.11,1263.55
5/13/2016,1263.83,1276.55,1263.39,1273.9
5/16/2016,1271.87,1288.87,1271.31,1274.28
5/17/2016,1273.58,1282.37,1269.49,1279.1
5/18/2016,1279.51,1281.82,1255.32,1258.75
5/19/2016,1258.62,1261.47,1244.42,1255.41
5/20/2016,1255.29,1260.23,1249.19,1252.7
5/23/2016,1251.07,1256.24,1243.48,1249.01
5/24/2016,1249.21,1252.34,1226.45,1227.09
5/25/2016,1227.6,1230.44,1218.08,1224.16
5/26/2016,1223.85,1234.43,1218.51,1220.47
5/27/2016,1218.05,1223.6,1207.19,1210.39
5/30/2016,1213.08,1213.77,1200.21,1205.73
5/31/2016,1206.38,1218.51,1206.05,1215.74
6/1/2016,1215.92,1220.63,1206.28,1213.39
6/2/2016,1213.81,1217.85,1210.12,1211.38
6/3/2016,1211.18,1244.62,1207.27,1244.37
6/6/2016,1243.15,1248.94,1240.36,1244.87
6/7/2016,1245.4,1246.78,1234.92,1243.83
6/8/2016,1244.46,1264.67,1243.31,1262.7
6/9/2016,1262.25,1271.89,1257.11,1269.36
6/10/2016,1269.27,1278.2,1264.7,1274.55
6/13/2016,1275.98,1287.35,1272.83,1284.57
6/14/2016,1283.69,1290.04,1276.67,1285.93
6/15/2016,1285.42,1297.09,1278.77,1292.59
6/16/2016,1292.28,1315.67,1277.35,1278.52
6/17/2016,1279.32,1299.72,1277.31,1298.62
6/20/2016,1289.06,1292.53,1278.22,1290.48
6/21/2016,1290.62,1294.16,1264.76,1268.57
6/22/2016,1268.65,1270.88,1261.56,1266.37
6/23/2016,1263.36,1271.32,1254.93,1255.92
6/24/2016,1245.58,1358.61,1245.58,1318.56
6/27/2016,1320.17,1335.66,1317.98,1324.33
6/28/2016,1325.08,1326.45,1305.81,1311.5
6/29/2016,1310.75,1327.87,1310.75,1319.52
6/30/2016,1317.99,1324.32,1313.27,1321.94
7/1/2016,1322.32,1344.81,1320.92,1343.61
7/4/2016,1342.73,1357.54,1337.16,1350.93
7/5/2016,1348.11,1357.88,1338.51,1356.4
7/6/2016,1356.08,1375.42,1356.08,1364
7/7/2016,1363.91,1370.56,1351.24,1360.88
7/8/2016,1359.61,1370.44,1335.6,1366.65
7/11/2016,1367.9,1375.26,1350.91,1355.36
7/12/2016,1354.81,1357.88,1330.67,1333.79
7/13/2016,1332.8,1345.37,1327.9,1342.78
7/14/2016,1344.07,1347.28,1320.29,1335.3
7/15/2016,1336.35,1336.96,1322.85,1329.15
7/18/2016,1332,1335.54,1323.75,1328.87
7/19/2016,1328.77,1335.15,1325.92,1332.22
7/20/2016,1331.82,1337.75,1312.94,1316.28
7/21/2016,1316.63,1334.14,1311.12,1331.13
7/22/2016,1331.18,1334.07,1319.85,1323.44
7/25/2016,1322.76,1323.88,1312.58,1315.65
7/26/2016,1315.4,1324.75,1314.16,1320.2
7/27/2016,1320.1,1342.53,1316.21,1340.54
7/28/2016,1339.7,1345.79,1332.81,1336.18
7/29/2016,1335.55,1355.23,1329.8,1352.15
8/1/2016,1348.65,1355.03,1346.66,1353.17
8/2/2016,1353.66,1367.57,1347.45,1364.16
8/3/2016,1363.57,1366.68,1354.46,1358.26
8/4/2016,1358.58,1365.24,1349.39,1359.97
8/5/2016,1360.87,1364.92,1335.09,1336.76
8/8/2016,1335.53,1338.48,1330.18,1335.33
8/9/2016,1335.49,1342.7,1330.91,1340.75
8/10/2016,1340.91,1357.48,1340.26,1346.67
8/11/2016,1347.11,1353.44,1336.2,1339
8/12/2016,1339.13,1356.15,1334.4,1335.05
8/15/2016,1338.44,1343.93,1335.81,1339.4
8/16/2016,1339.83,1358.39,1339.6,1346.46
8/17/2016,1346.04,1351.89,1337.18,1349.19
8/18/2016,1348.99,1356.24,1345.96,1351.95
8/19/2016,1352.56,1352.8,1337.64,1340.55
8/22/2016,1340.48,1341.13,1331.8,1338.77
8/23/2016,1339.15,1344.52,1335.32,1337.31
8/24/2016,1337.69,1339.91,1323.87,1324.13
8/25/2016,1324.3,1326.92,1317.95,1321.7
8/26/2016,1321.65,1341.35,1318.36,1320.89
8/29/2016,1320.65,1324.91,1315.03,1323.29
8/30/2016,1323.23,1325.02,1309.15,1311.44
8/31/2016,1311.39,1315.92,1304.64,1308.88
9/1/2016,1308.6,1314.91,1302.46,1313.79
9/2/2016,1314.27,1329.8,1307.24,1325.34
9/5/2016,1324.3,1328.34,1321.74,1327.18
9/6/2016,1326.15,1352.31,1324.72,1348.99
9/7/2016,1348.31,1352.4,1342.67,1346.31
9/8/2016,1344.93,1349.16,1335.65,1338.01
9/9/2016,1337.88,1339.36,1328.01,1329.23
9/12/2016,1327.78,1329.97,1320.73,1327.43
9/13/2016,1328.17,1331.83,1315.61,1318.59
9/14/2016,1319.18,1325.73,1316.05,1321.73
9/15/2016,1321.92,1327.94,1309.2,1314.67
9/16/2016,1314,1317.91,1306.39,1311.2
9/19/2016,1309.76,1318.04,1309.33,1312.99
9/20/2016,1312.42,1317.68,1311.92,1314.85
9/21/2016,1314.58,1336.66,1308.05,1334.56
9/22/2016,1334.78,1343.46,1331.1,1336.63
9/23/2016,1336.61,1340.42,1333.68,1337.64
9/26/2016,1336.83,1341.9,1332.61,1337.75
9/27/2016,1337.83,1339.37,1324.95,1327.28
9/28/2016,1326.56,1327.39,1317.85,1321.43
9/29/2016,1322.15,1325.88,1316.17,1320.33
9/30/2016,1320.65,1327.91,1313.38,1317.57
10/3/2016,1318.24,1319.45,1309.24,1311.01
10/4/2016,1312.17,1312.84,1267.01,1268.45
10/5/2016,1268.9,1276.85,1262.1,1266.58
10/6/2016,1267.33,1269.22,1249.81,1254.11
10/7/2016,1255.08,1264.84,1241.28,1254.97
10/10/2016,1256.61,1264.74,1256.49,1259.31
10/11/2016,1259.61,1261.94,1252.67,1252.7
10/12/2016,1252.85,1258.57,1249.58,1255.01
10/13/2016,1256.16,1262.03,1253.05,1257.85
10/14/2016,1258.26,1259.08,1246.54,1251.72
10/17/2016,1251.46,1256.99,1250.18,1255.51
10/18/2016,1254.95,1264.54,1254.94,1262.49
10/19/2016,1262.48,1273.14,1260.17,1269.01
10/20/2016,1269.41,1274.06,1264.68,1265.48
10/21/2016,1265.8,1267.76,1261.03,1266.81
10/24/2016,1265.64,1271.65,1260.27,1264.23
10/25/2016,1264.88,1276.51,1261.98,1274.1
10/26/2016,1273.1,1276.34,1264.62,1266.69
10/27/2016,1266.8,1272.45,1265.22,1268.41
10/28/2016,1268.41,1284.02,1262.19,1274.68
10/31/2016,1277.51,1279.38,1271.15,1276.66
11/1/2016,1276.42,1291.73,1275.54,1288.36
11/2/2016,1288.62,1307.6,1287.21,1297.64
11/3/2016,1297.96,1306.19,1285.51,1302.13
11/4/2016,1304.24,1306.91,1294.61,1304.29
11/7/2016,1292.61,1295.67,1278.07,1281.35
11/8/2016,1281.85,1290.37,1272.71,1275.38
11/9/2016,1275.55,1335.39,1267.55,1278
11/10/2016,1278.25,1291.68,1252.4,1258.81
11/11/2016,1259.52,1265.48,1219.1,1227.54
11/14/2016,1227.78,1231.1,1211.42,1221.03
11/15/2016,1221.46,1231.25,1218.95,1228.45
11/16/2016,1227.63,1232.86,1221.33,1225.05
11/17/2016,1224.67,1231.18,1211.18,1216.08
11/18/2016,1216.16,1217.62,1203.01,1207.87
11/21/2016,1207.7,1217.36,1205.47,1213.94
11/22/2016,1213.59,1220.83,1206.31,1212.38
11/23/2016,1212.92,1215.07,1181.91,1188.48
11/24/2016,1187.54,1190.82,1181.46,1184
11/25/2016,1184.7,1192.98,1171.3,1184.27
11/28/2016,1185.14,1197.69,1183,1193.82
11/29/2016,1194.04,1195.05,1181.13,1188.31
11/30/2016,1187.75,1195,1170.88,1173.32
12/1/2016,1173.53,1176.82,1160.92,1171.61
12/2/2016,1172.51,1178.03,1166.97,1175.78
12/5/2016,1180.61,1188.11,1157.5,1170.54
12/6/2016,1170.53,1175.39,1167.11,1170
12/7/2016,1169.79,1180.14,1165.87,1173.93
12/8/2016,1175.05,1178.68,1169.33,1170.57
12/9/2016,1170.93,1172.1,1156.55,1158.9
12/12/2016,1159.69,1165.77,1151.75,1162.24
12/13/2016,1162.73,1165.07,1154.75,1158.61
12/14/2016,1158.25,1165.09,1139.91,1142.92
12/15/2016,1141.64,1144.51,1123.04,1128.6
12/16/2016,1128.85,1141.29,1126.77,1133.6
12/19/2016,1134.26,1142.44,1133.98,1137.84
12/20/2016,1138.15,1139.78,1125.92,1132.38
12/21/2016,1132.64,1137.19,1129.58,1131.51
12/22/2016,1131.25,1134.19,1127.93,1128.28
12/23/2016,1132.65,1135.76,1128.38,1131.77
12/27/2016,1133.96,1150.9,1131.82,1138.81
12/28/2016,1138.36,1144.59,1136.66,1141.5
12/29/2016,1142.05,1159.59,1141.95,1158.12
12/30/2016,1158.47,1163.25,1149.85,1150.91
1/3/2017,1150.53,1163.79,1146.18,1158.82
1/4/2017,1158.73,1167.94,1156.34,1163.53
1/5/2017,1164.01,1184.97,1163.14,1180.46
1/6/2017,1179.81,1182.06,1171.07,1172.3
1/9/2017,1172.76,1186.19,1172.1,1181
1/10/2017,1181.15,1190.53,1180.33,1187.7
1/11/2017,1188.05,1198.29,1177.32,1191.5
1/12/2017,1190.95,1207.07,1190.85,1195.8
1/13/2017,1194.49,1200.93,1187.96,1198.39
1/16/2017,1197.51,1208.14,1197.51,1203.18
1/17/2017,1203.11,1218.86,1202.82,1217.15
1/18/2017,1217.95,1217.95,1202.51,1204.29
1/19/2017,1203.6,1206.49,1195.95,1204.53
1/20/2017,1204.78,1214.97,1198.72,1207.68
1/23/2017,1209.47,1219.47,1209.4,1218.22
1/24/2017,1218.43,1220.04,1206.7,1208.86
1/25/2017,1209.09,1209.79,1193.4,1200.67
1/26/2017,1201.24,1202.69,1184.56,1188.95
1/27/2017,1189.31,1191.7,1181.15,1190.91
1/30/2017,1192.46,1199.52,1188.36,1195.51
1/31/2017,1195.91,1215.38,1193.91,1210.61
2/1/2017,1211.06,1213.24,1198.29,1209.65
2/2/2017,1209.34,1225.33,1208.53,1215.78
2/3/2017,1215.83,1221.41,1207.46,1219.27
2/6/2017,1219.9,1235.72,1219.4,1235.45
2/7/2017,1235,1235.82,1227.88,1233.75
2/8/2017,1233.75,1244.74,1230.29,1241.51
2/9/2017,1241.02,1244.51,1228.34,1230.91
2/10/2017,1228.68,1237.23,1221.77,1233.81
2/13/2017,1232.91,1233.02,1219.43,1225.33
2/14/2017,1225.46,1234.59,1222.04,1228.09
2/15/2017,1227.53,1233.67,1216.82,1233.67
2/16/2017,1233.56,1242.38,1232.21,1239.1
2/17/2017,1239.2,1243.86,1235.12,1236.12
2/20/2017,1235.3,1239.07,1232.9,1237.82
2/21/2017,1237.78,1238.93,1226.21,1235.78
2/22/2017,1236.1,1240.44,1231.34,1237.49
2/23/2017,1237.78,1251.18,1235.88,1249.63
2/24/2017,1249.45,1260.19,1247.85,1256.68
2/27/2017,1258.45,1263.94,1251.06,1253.04
2/28/2017,1252.48,1258.28,1247.83,1248.89
3/1/2017,1248.18,1250.6,1237.01,1248.87
3/2/2017,1249.55,1250.05,1231.24,1234.46
3/3/2017,1234.65,1236.29,1223.23,1234.3
3/6/2017,1234.3,1236.9,1224.99,1225.47
3/7/2017,1225.67,1227.26,1214.25,1216.84
3/8/2017,1215.5,1218.65,1206.78,1207.51
3/9/2017,1208.09,1209.06,1199.38,1203.29
3/10/2017,1200.75,1206.43,1195.26,1204.45
3/13/2017,1206,1211.26,1202.6,1203.95
3/14/2017,1202.05,1207.68,1197.48,1198.94
3/15/2017,1199.02,1222.02,1197.72,1218.47
3/16/2017,1219.29,1233.46,1218.69,1227.3
3/17/2017,1226.46,1231.74,1224.57,1229.42
3/20/2017,1230.59,1235.5,1229.48,1234.51
3/21/2017,1234.55,1247.66,1227,1244.59
3/22/2017,1245.83,1251.36,1244.08,1248.43
3/23/2017,1247.24,1253.31,1242.59,1244.46
3/24/2017,1244.81,1251.98,1241.09,1243.73
3/27/2017,1246.29,1261.1,1246.29,1254.47
3/28/2017,1253.64,1258.41,1247.76,1251.9
3/29/2017,1250.96,1254.74,1247.42,1253.7
3/30/2017,1253.75,1253.91,1242.34,1242.34
3/31/2017,1242.59,1250.67,1240.04,1247.31
4/3/2017,1250.51,1253.77,1244.58,1253.55
4/4/2017,1253.63,1261.27,1253.63,1256.27
4/5/2017,1256.26,1257.31,1243.94,1255.52
4/6/2017,1255.92,1259.01,1249.89,1251.49
4/7/2017,1252.06,1270.87,1250.69,1254.75
4/10/2017,1254.06,1257.07,1247.28,1254.14
4/11/2017,1255.12,1275.19,1253.36,1273.57
4/12/2017,1274.85,1287.08,1272.19,1287.06
4/13/2017,1286.21,1288.62,1282.08,1286.99
4/17/2017,1290.47,1295.54,1281.53,1285.16
4/18/2017,1284.73,1292.38,1279.02,1289.63
4/19/2017,1289.86,1290.84,1274.41,1279.96
4/20/2017,1280.43,1283.34,1276.81,1282.18
4/21/2017,1282.1,1288.32,1278.6,1284.94
4/24/2017,1275.39,1277.47,1265.66,1276.01
4/25/2017,1276.59,1278.24,1261.71,1263.92
4/26/2017,1264.25,1270.59,1260.16,1268.23
4/27/2017,1268.9,1269.68,1261.43,1264.65
4/28/2017,1264.26,1268.65,1263.23,1268.16
5/1/2017,1268.39,1271.2,1254.33,1256.15
5/2/2017,1256.63,1257.86,1252.13,1256.95
5/3/2017,1256.75,1257.04,1236.13,1237.56
5/4/2017,1238.62,1241.38,1225.82,1227.89
5/5/2017,1228.33,1235.66,1226.36,1229.41
5/8/2017,1221.59,1236.61,1221.59,1225.51
5/9/2017,1226.13,1228.67,1214.33,1221.11
5/10/2017,1222,1225.73,1217.77,1219.34
5/11/2017,1219.18,1227.78,1217.54,1224.98
5/12/2017,1225.3,1231.8,1224.52,1228.01
5/15/2017,1228.37,1237.32,1227.13,1231.06
5/16/2017,1231.45,1239.18,1230.45,1236.78
5/17/2017,1237.13,1261.91,1236.63,1261.91
5/18/2017,1261.06,1265.06,1246.17,1246.88
5/19/2017,1247.12,1256.51,1246.5,1255.14
5/22/2017,1257.53,1262.64,1251.87,1260.65
5/23/2017,1260.65,1263.87,1250.81,1251.44
5/24/2017,1251.4,1259.86,1248.02,1259.86
5/25/2017,1258.83,1259.72,1254.03,1254.99
5/26/2017,1255.81,1269.55,1253.33,1267.36
5/29/2017,1267.63,1269.2,1265.18,1266.88
5/30/2017,1267.31,1270.52,1259.6,1262.35
5/31/2017,1263.22,1274.2,1259.69,1268.58
6/1/2017,1269.12,1270.43,1261.65,1265.11
6/2/2017,1265.88,1279.15,1259.69,1278.29
6/5/2017,1280.4,1283.33,1276.57,1276.57
6/6/2017,1279.58,1296,1279.58,1293.83
6/7/2017,1294.86,1295.05,1282.85,1287.49
6/8/2017,1287.1,1289.01,1271.44,1277.27
6/9/2017,1281.67,1281.67,1264.74,1267.65
6/12/2017,1267.48,1270.35,1263.78,1266.19
6/13/2017,1265.6,1268.96,1259.44,1266.31
6/14/2017,1266.48,1280.41,1257.29,1261.26
6/15/2017,1260.93,1266.59,1251.52,1254.89
6/16/2017,1254.29,1257.14,1251.93,1254.55
6/19/2017,1254.09,1255.69,1243.17,1244.36
6/20/2017,1244.12,1248.11,1241.43,1243.68
6/21/2017,1243.03,1247.84,1241.43,1247.68
6/22/2017,1245.92,1254.74,1245.92,1250.58
6/23/2017,1250.49,1258.86,1249.93,1255.86
6/26/2017,1257.36,1258.21,1236.7,1245.31
6/27/2017,1244.55,1253.09,1241.47,1247.63
6/28/2017,1247.03,1254.76,1246.46,1249.49
6/29/2017,1249.05,1253.26,1239.94,1244.72
6/30/2017,1245.44,1248.28,1239.99,1241.38
7/3/2017,1241.81,1242.8,1218.73,1219.22
7/4/2017,1221.35,1226.61,1220.79,1223.98
7/5/2017,1223.75,1228.91,1217.55,1227.35
7/6/2017,1227.27,1229.16,1222.77,1224.6
7/7/2017,1225.15,1228.33,1207.42,1211.97
7/10/2017,1213.2,1215.18,1204.97,1214.39
7/11/2017,1214.4,1218.18,1208.3,1218.18
7/12/2017,1217.16,1225.78,1213.74,1218.29
7/13/2017,1219.7,1224.48,1216.79,1217.57
7/14/2017,1216.89,1232.85,1214.9,1228.47
7/17/2017,1229.4,1236.09,1228.41,1234.1
7/18/2017,1234.2,1244.62,1232.92,1242.4
7/19/2017,1242.72,1244.04,1236.27,1240.26
7/20/2017,1241.35,1247.63,1235.38,1244
7/21/2017,1244.55,1255.83,1243.47,1254.29
7/24/2017,1255.69,1258.82,1252.04,1255.08
7/25/2017,1255.15,1257.82,1249.21,1250.1
7/26/2017,1250.65,1263.49,1243.9,1261.31
7/27/2017,1260.83,1265.18,1254.7,1258.65
7/28/2017,1259.13,1270.91,1257.45,1269.18
7/31/2017,1270.35,1271.15,1265.84,1269.4
8/1/2017,1269.62,1274,1262.8,1268.66
8/2/2017,1269.1,1272.89,1262.97,1266.65
8/3/2017,1266.7,1270.87,1257.24,1267.92
8/4/2017,1268.83,1270.21,1254.4,1258.82
8/7/2017,1259.1,1259.99,1255.87,1257.18
8/8/2017,1257.47,1265.28,1251.67,1260.28
8/9/2017,1260.59,1278.74,1260.59,1277.37
8/10/2017,1277.09,1287.77,1274.74,1286.56
8/11/2017,1286.67,1291.74,1281.56,1290.96
8/14/2017,1290.26,1290.26,1278.71,1282.04
8/15/2017,1281.86,1281.98,1267.4,1271.5
8/16/2017,1271.54,1283.89,1267.89,1283.15
8/17/2017,1284.15,1290.04,1281.74,1287.53
8/18/2017,1288.31,1300.77,1283.89,1286.6
8/21/2017,1282.96,1293.63,1280.77,1291.98
8/22/2017,1291.97,1292.4,1282.07,1285.05
8/23/2017,1285.11,1291.36,1282.84,1290.75
8/24/2017,1290.72,1291.27,1284.83,1288.18
8/25/2017,1286.56,1294.02,1276.56,1291.08
8/28/2017,1292.29,1312.09,1292,1310.84
8/29/2017,1315.42,1326.03,1305.16,1309.86
8/30/2017,1309.09,1313.53,1305.33,1308.41
8/31/2017,1309.07,1323.58,1300.88,1320.64
9/1/2017,1321.98,1328.9,1316.75,1325.67
9/4/2017,1335.99,1339.63,1332.05,1334.38
9/5/2017,1334.1,1344.38,1326.53,1339.68
9/6/2017,1339.57,1342.53,1331.8,1334.29
9/7/2017,1334.52,1349.97,1332.65,1349.2
9/8/2017,1349.03,1357.56,1343.08,1346.54
9/11/2017,1334.21,1340.15,1326.51,1328.15
9/12/2017,1327.37,1332.1,1322.75,1332
9/13/2017,1334.48,1334.71,1320.94,1324.14
9/14/2017,1323.89,1330.61,1316.12,1328.97
9/15/2017,1329.69,1334.32,1319.97,1320.91
9/18/2017,1320.11,1320.11,1304.75,1307.22
9/19/2017,1306.49,1311.75,1305.64,1311.15
9/20/2017,1311.14,1316,1296.2,1300.93
9/21/2017,1301.45,1301.78,1288.3,1291.98
9/22/2017,1291.4,1298.77,1291.38,1297.19
9/25/2017,1297.97,1311.54,1290.94,1310.78
9/26/2017,1311.2,1313.64,1292.86,1293.11
9/27/2017,1294.22,1296.17,1281.59,1282.82
9/28/2017,1282.49,1288.74,1277.91,1286
9/29/2017,1287.25,1290.21,1279.83,1280.59
10/2/2017,1280.04,1280.33,1270.64,1271.14
10/3/2017,1270.95,1274.78,1268.47,1271.65
10/4/2017,1271.87,1282.17,1270.83,1274.24
10/5/2017,1274.97,1279.05,1266.78,1268.37
10/6/2017,1268.27,1275.71,1260.69,1274.88
10/9/2017,1276.41,1285.39,1275.4,1283.55
10/10/2017,1284.11,1294.29,1282.21,1288.05
10/11/2017,1288.18,1293.6,1284.66,1291.75
10/12/2017,1292.24,1297.46,1289.84,1294.41
10/13/2017,1293.78,1303.88,1291.28,1303.5
10/16/2017,1303.39,1306.09,1290.93,1295.79
10/17/2017,1295.21,1296.36,1281.82,1285.7
10/18/2017,1285.1,1288.84,1277.06,1281.58
10/19/2017,1281.06,1290.39,1276.84,1289.86
10/20/2017,1289.74,1291.16,1278.14,1280.68
10/23/2017,1278.49,1283.33,1272.66,1281.5
10/24/2017,1282.15,1283.73,1273.84,1276.78
10/25/2017,1276.84,1280.01,1271.29,1276.98
10/26/2017,1277.42,1282.6,1265.95,1267.56
10/27/2017,1267.21,1273.89,1263.89,1273.25
10/30/2017,1272.74,1278.89,1269.08,1276.22
10/31/2017,1276.22,1278.21,1267.89,1271.31
11/1/2017,1270.6,1280.93,1268.09,1274.71
11/2/2017,1275.74,1284.2,1273.5,1278.61
11/3/2017,1277.59,1280.18,1265.71,1269.96
11/6/2017,1270.24,1283.01,1266.27,1281.38
11/7/2017,1281.76,1281.97,1272.11,1274.69
11/8/2017,1275.89,1287.19,1275.89,1281.55
11/9/2017,1281.91,1288.33,1280.13,1285.83
11/10/2017,1285.31,1287.09,1273.58,1275.9
11/13/2017,1275.07,1279.82,1274.38,1277.67
11/14/2017,1278.69,1283.65,1270.1,1278.37
11/15/2017,1280.54,1289.38,1276.99,1278.21
11/16/2017,1278.07,1281.5,1275.25,1278.86
11/17/2017,1279,1296.95,1278.4,1293.76
11/20/2017,1293.16,1294.89,1274.69,1276.78
11/21/2017,1276.99,1284.8,1276.33,1280.52
11/22/2017,1280.68,1294.73,1279.14,1292.09
11/23/2017,1292.06,1293.62,1287.37,1291.17
11/24/2017,1291.63,1293.28,1286.07,1288.59
11/27/2017,1289.24,1299.25,1286.82,1294.5
11/28/2017,1294.33,1297.49,1290.9,1293.95
11/29/2017,1294.02,1296.75,1282.18,1283.84
11/30/2017,1283.94,1285.38,1270.41,1274.87
12/1/2017,1274.57,1289.3,1271.76,1280.78
12/4/2017,1274.8,1277.21,1271.22,1276.13
12/5/2017,1276.19,1277.12,1261.07,1265.96
12/6/2017,1265.91,1269.33,1262.65,1263.31
12/7/2017,1263.2,1264.55,1244.03,1247.2
12/8/2017,1247.63,1252.43,1244.2,1248.02
12/11/2017,1248.52,1251.6,1240.88,1242.1
12/12/2017,1241.94,1246.3,1236.57,1244.56
12/13/2017,1244.25,1257.07,1240.37,1255.49
12/14/2017,1255.36,1259.15,1250.61,1252.88
12/15/2017,1252.97,1261.9,1252.86,1255.77
12/18/2017,1254.99,1264.01,1252.84,1262.3
12/19/2017,1262.35,1265.31,1259.34,1261.75
12/20/2017,1261.67,1267.93,1261.47,1265.54
12/21/2017,1265.57,1269.02,1263.15,1266.62
12/22/2017,1266.75,1276.18,1265.14,1274.12
12/26/2017,1275.07,1283.8,1273.51,1282.95
12/27/2017,1283.5,1289,1281.43,1287.15
12/28/2017,1288.13,1295.26,1287.09,1294.96
12/29/2017,1295.26,1307.63,1293.98,1303.33
1/2/2018,1303.38,1318.99,1302.48,1317.63
1/3/2018,1317.61,1321.48,1307.48,1313.15
1/4/2018,1313.23,1326.03,1305.98,1322.67
1/5/2018,1322.73,1323.45,1313.78,1320.5
1/8/2018,1320.97,1322.19,1314.88,1320.44
1/9/2018,1320.69,1320.69,1308.95,1312.79
1/10/2018,1312.32,1327.54,1308.33,1316.99
1/11/2018,1316.99,1324.03,1315.78,1322.41
1/12/2018,1322.89,1339.4,1321.6,1338.15
1/15/2018,1336.55,1344.7,1336.07,1340.15
1/16/2018,1340.45,1342.37,1331.97,1338.43
1/17/2018,1338.68,1343.96,1326.28,1326.98
1/18/2018,1327.35,1333.15,1324.36,1327.05
1/19/2018,1327.11,1338.06,1326.53,1332.28
1/22/2018,1334.87,1335.74,1328.53,1333.94
1/23/2018,1333.8,1341.87,1331.46,1341.29
1/24/2018,1341.83,1362.02,1339.59,1358.52
1/25/2018,1357.99,1366.12,1342.7,1348.06
1/26/2018,1347.51,1357.15,1344.72,1349.64
1/29/2018,1350.05,1352.47,1337.76,1340.4
1/30/2018,1340.74,1348.99,1334.53,1338.67
1/31/2018,1338.35,1347.64,1332.88,1345.13
2/1/2018,1345.09,1351.03,1337.35,1348.69
2/2/2018,1348.99,1350.14,1327.51,1331.97
2/5/2018,1332.12,1341.58,1329.08,1339.57
2/6/2018,1340,1346.14,1320.28,1324.25
2/7/2018,1324.05,1332.38,1311.55,1318.47
2/8/2018,1318.17,1322.15,1307.15,1318.75
2/9/2018,1318.4,1322.76,1311.24,1314.84
2/12/2018,1315.15,1326.55,1314.29,1322.71
2/13/2018,1322.71,1330.85,1321.68,1329.57
2/14/2018,1329.55,1355.54,1318.96,1350.61
2/15/2018,1350.32,1357.18,1348.64,1353.58
2/16/2018,1353.6,1361.8,1344.9,1348.76
2/19/2018,1347.61,1351.32,1346.08,1346.74
2/20/2018,1346.58,1348.3,1328.53,1329.2
2/21/2018,1329.28,1336.14,1322.49,1324.62
2/22/2018,1324.01,1332.24,1321.05,1331.56
2/23/2018,1331.4,1332.25,1325.91,1329.32
2/26/2018,1327.95,1340.96,1326.79,1333.34
2/27/2018,1333.26,1336.74,1313.51,1318.37
2/28/2018,1317.95,1322.54,1315.7,1318.23
3/1/2018,1319.52,1321.13,1302.87,1317.1
3/2/2018,1317.4,1325.5,1315.31,1321.95
3/5/2018,1323.71,1327.81,1317.6,1320.42
3/6/2018,1319.95,1338.54,1319.95,1334.58
3/7/2018,1337.79,1340.55,1322.5,1325.62
3/8/2018,1325.4,1329.08,1319.15,1322.05
3/9/2018,1322.15,1325.16,1313.13,1323.45
3/12/2018,1323.03,1324.22,1315.29,1323
3/13/2018,1323.65,1328.34,1315.83,1324.97
3/14/2018,1326.25,1330.1,1321.65,1325.5
3/15/2018,1323.75,1327.98,1315.06,1317.35
3/16/2018,1316.31,1321.71,1309.79,1313.77
3/19/2018,1313.48,1319.65,1307.82,1317.14
3/20/2018,1317.12,1318.34,1307.31,1311.2
3/21/2018,1311.36,1336.66,1309.94,1332.97
3/22/2018,1332.08,1334.94,1324.92,1330.22
3/23/2018,1331.05,1350.24,1330.73,1347.4
3/26/2018,1347.18,1355.97,1343.58,1353.52
3/27/2018,1353.71,1356.86,1339.98,1344.65
3/28/2018,1345.72,1347.07,1323.62,1325.04
3/29/2018,1324.9,1328.39,1321.35,1325.43
4/2/2018,1326.02,1344.87,1324.86,1341.31
4/3/2018,1340.76,1342.53,1329.02,1332.78
4/4/2018,1332.89,1348.08,1331.61,1333.38
4/5/2018,1333,1334.96,1322.82,1326.62
4/6/2018,1326.7,1335.42,1319.97,1333.45
4/9/2018,1334.32,1337.98,1326.97,1336.28
4/10/2018,1336.3,1342.66,1331.41,1339.48
4/11/2018,1339.49,1365.12,1339.23,1353.34
4/12/2018,1352.87,1353.23,1333.88,1335.15
4/13/2018,1334.9,1347.06,1334.9,1344.4
4/16/2018,1343.2,1350.55,1340.34,1345.68
4/17/2018,1345.88,1349.46,1337.78,1347.29
4/18/2018,1347.7,1355.7,1342.39,1349.39
4/19/2018,1349.44,1354.73,1341.1,1345.71
4/20/2018,1345.91,1346.21,1335.04,1335.66
4/23/2018,1334.68,1335.52,1322.22,1324.84
4/24/2018,1324.58,1332.71,1322.76,1330.35
4/25/2018,1330.05,1332.14,1318.91,1323.2
4/26/2018,1322.88,1326.55,1315.43,1316.93
4/27/2018,1316.91,1325.21,1315.64,1323.61
4/30/2018,1323.9,1326.45,1310.5,1315.93
5/1/2018,1315.38,1316.43,1301.91,1304.21
5/2/2018,1304.16,1313.4,1304.05,1305.72
5/3/2018,1304.59,1318.09,1304.59,1312.75
5/4/2018,1312.12,1315.33,1308.24,1314.34
5/7/2018,1317.54,1318.97,1310.32,1314.78
5/8/2018,1313.59,1317.72,1306.18,1313.25
5/9/2018,1314.8,1317.42,1304.52,1313.17
5/10/2018,1312.72,1322.89,1310.92,1320.67
5/11/2018,1321.64,1326,1318.32,1319.28
5/14/2018,1318.36,1322.39,1313.09,1314.11
5/15/2018,1312.98,1314.92,1288.8,1291.41
5/16/2018,1290.09,1296.96,1286.59,1290.38
5/17/2018,1290.62,1294.37,1285.69,1290.74
5/18/2018,1290.9,1294.18,1286.18,1291.89
5/21/2018,1290.78,1293.18,1282.19,1292.54
5/22/2018,1292.75,1296.09,1288.05,1291.62
5/23/2018,1291.26,1298.28,1288.15,1294.17
5/24/2018,1294.1,1306.66,1292.85,1304.48
5/25/2018,1304.46,1307.79,1300.01,1300.11
5/28/2018,1300.34,1300.4,1295.59,1297.7
5/29/2018,1297.49,1306.53,1293.84,1299.14
5/30/2018,1298.61,1304.4,1295.95,1300.43
5/31/2018,1301.62,1306.51,1297.9,1298.46
6/1/2018,1298.97,1300.65,1289.51,1293.65
6/4/2018,1292.62,1297.91,1290.43,1293.1
6/5/2018,1292.44,1300.59,1290.16,1295.02
6/6/2018,1296.57,1301.73,1293.94,1296.78
6/7/2018,1296.68,1303.08,1294.43,1294.43
6/8/2018,1297.1,1300.58,1294.23,1298.53
6/11/2018,1300.01,1302.2,1294.26,1300.39
6/12/2018,1300.33,1300.65,1293.36,1297.72
6/13/2018,1295.97,1301.24,1292.69,1299.5
6/14/2018,1299.79,1309.34,1297.63,1303.06
6/15/2018,1302.61,1303.17,1275.6,1279.97
6/18/2018,1277.73,1282.47,1277.14,1277.64
6/19/2018,1278.33,1284.14,1270.53,1275.37
6/20/2018,1274.71,1276.33,1267.73,1268.94
6/21/2018,1267.61,1270.17,1261.49,1266.47
6/22/2018,1266.99,1271.05,1266.82,1270.23
6/25/2018,1270.2,1272.65,1264.55,1265.53
6/26/2018,1265.76,1267.75,1254.89,1259.75
6/27/2018,1258.99,1260.07,1250.98,1252.93
6/28/2018,1251.91,1254.32,1246.02,1249.32
6/29/2018,1248.29,1255.67,1246.34,1252.55
7/2/2018,1251.96,1254.28,1239.76,1242.51
7/3/2018,1241.88,1256.9,1238.03,1252.12
7/4/2018,1252.43,1261.14,1252.19,1256.98
7/5/2018,1256.73,1259.79,1251.38,1257.41
7/6/2018,1257.62,1258.82,1252.97,1254.99
7/9/2018,1255.15,1265.92,1254.99,1258.23
7/10/2018,1257.74,1260.38,1247.48,1256.27
7/11/2018,1256.2,1256.97,1241.61,1242.39
7/12/2018,1242.3,1248.6,1241.42,1247.21
7/13/2018,1247.3,1248.08,1236.82,1241.67
7/16/2018,1240.93,1245.63,1238.4,1240.71
7/17/2018,1240.73,1245,1226.25,1228.16
7/18/2018,1227.1,1229.18,1221.2,1226.78
7/19/2018,1227.36,1228.9,1211.72,1222.92
7/20/2018,1223.03,1232.3,1215.89,1230.99
7/23/2018,1231.77,1235.11,1222.41,1225.92
7/24/2018,1224.79,1229.49,1218.27,1224.36
7/25/2018,1224.24,1234.19,1223.33,1232.77
7/26/2018,1232.05,1235.24,1222.47,1223.76
7/27/2018,1222.96,1227.32,1217.65,1223.56
7/30/2018,1222.69,1225.12,1219.16,1222.56
7/31/2018,1221.79,1228.58,1214.1,1222.92
8/1/2018,1223.95,1224.84,1215.39,1215.39
8/2/2018,1215.99,1221.15,1207.2,1208.59
8/3/2018,1207.99,1220.02,1204.74,1213.69
8/6/2018,1213.91,1217.9,1206.17,1206.17
8/7/2018,1207.49,1216.2,1207.49,1212.58
8/8/2018,1210.83,1215.87,1206.75,1211.75
8/9/2018,1213.96,1217.33,1210.87,1212.48
8/10/2018,1212.63,1217.09,1205.84,1211.51
8/13/2018,1211.18,1213.94,1191.85,1194.28
8/14/2018,1194.13,1198.7,1192.21,1193.88
8/15/2018,1194.31,1194.69,1173.31,1175.49
8/16/2018,1175.99,1182.01,1160.31,1176.6
8/17/2018,1174.09,1184.47,1172.03,1184.35
8/20/2018,1183.59,1190.9,1182.87,1190.46
8/21/2018,1190.61,1197.04,1187.77,1196.03
8/22/2018,1196.25,1201.66,1192.71,1196.67
8/23/2018,1196.05,1196.69,1183.96,1184.82
8/24/2018,1185.52,1208.45,1183.28,1205.76
8/27/2018,1207.64,1212.41,1203.24,1210.96
8/28/2018,1211.39,1214.35,1199.77,1201.89
8/29/2018,1201.29,1207.3,1200.9,1206.41
8/30/2018,1206.8,1207.92,1196.51,1200.33
8/31/2018,1200.52,1208.85,1198.66,1199.52
9/3/2018,1201.09,1203.89,1195.82,1201.38
9/4/2018,1201.54,1202.07,1189.7,1190.86
9/5/2018,1191.31,1198.45,1191.02,1196.69
9/6/2018,1196.64,1207.01,1195.92,1200.15
9/7/2018,1200.3,1203.58,1193.54,1196.45
9/10/2018,1195.23,1198.53,1191.62,1195.1
9/11/2018,1195.33,1199.46,1187.9,1196.81
9/12/2018,1198.54,1208.55,1192.81,1206.09
9/13/2018,1207.15,1212.72,1200.3,1201.95
9/14/2018,1201.66,1208.57,1193.2,1194.11
9/17/2018,1194.34,1204.89,1192.93,1201.34
9/18/2018,1201.65,1203.57,1195.98,1198.36
9/19/2018,1198.25,1206.25,1197.77,1204.04
9/20/2018,1203.95,1208.45,1201.45,1207.2
9/21/2018,1207.5,1211.1,1191.96,1199.01
9/24/2018,1199.69,1204.16,1194.52,1199.65
9/25/2018,1198.86,1203.37,1197.17,1200.04
9/26/2018,1201.14,1202.53,1190.56,1194.4
9/27/2018,1194.9,1198.68,1181.97,1182.7
9/28/2018,1183.03,1193.85,1181.01,1191.96
10/1/2018,1192.48,1192.5,1184.68,1188.45
10/2/2018,1189.01,1208.29,1188.55,1202.3
10/3/2018,1203.44,1208.32,1196.71,1198.21
10/4/2018,1197.7,1206.78,1196.08,1200.81
10/5/2018,1200.03,1205.79,1197.35,1202.97
10/8/2018,1203.31,1204.14,1183.41,1187.94
10/9/2018,1188.62,1191.85,1183.44,1189.75
10/10/2018,1189.49,1194.85,1185.45,1193.89
10/11/2018,1195.02,1226.31,1191.41,1223.39
10/12/2018,1224.44,1224.44,1215.93,1218.06
10/15/2018,1217.7,1233.31,1217.02,1226.18
10/16/2018,1227.08,1232.41,1223.58,1227.03
10/17/2018,1224.31,1229.54,1220.69,1223.51
10/18/2018,1222.31,1230.15,1218.76,1228.15
10/19/2018,1225.72,1230.74,1223.24,1226.44
10/22/2018,1227.44,1229.6,1220.19,1222.1
10/23/2018,1222,1239.8,1221.83,1231.62
10/24/2018,1230.54,1234.22,1225.74,1233.9
10/25/2018,1234.64,1239.22,1228.18,1231.58
10/26/2018,1232.24,1243.49,1230.14,1233.94
10/29/2018,1233.31,1235.45,1224.47,1230.24
10/30/2018,1229.85,1230.66,1219.96,1223.45
10/31/2018,1222.63,1223.05,1212.07,1215.37
11/1/2018,1215.32,1237.39,1215.3,1232.93
11/2/2018,1234.22,1236.44,1229.93,1233.04
11/5/2018,1233.19,1235.13,1226.97,1231.9
11/6/2018,1231.7,1235.98,1223.57,1227.46
11/7/2018,1227.24,1235.97,1223.32,1227.13
11/8/2018,1226.6,1227.13,1220.27,1223.63
11/9/2018,1223.55,1223.75,1206.79,1209.95
11/12/2018,1208.41,1211.45,1200.01,1200.01
11/13/2018,1200.53,1205.25,1196.4,1202.2
11/14/2018,1202.2,1216.32,1197.79,1211.69
11/15/2018,1211.18,1216.5,1208.13,1214.22
11/16/2018,1213.91,1225.35,1213.25,1222.05
11/19/2018,1222.51,1225.27,1218.06,1224.09
11/20/2018,1224.12,1228.79,1220.11,1221.33
11/21/2018,1221.73,1230.08,1219.88,1226.64
11/22/2018,1226.13,1229.13,1224.98,1227.38
11/23/2018,1227.13,1228.61,1220.43,1223.11
11/26/2018,1223.49,1228.06,1221.81,1223.53
11/27/2018,1222.27,1225.27,1212.04,1215.72
11/28/2018,1214.96,1226.56,1211.29,1221.14
11/29/2018,1220.81,1229.01,1220.58,1224.75
11/30/2018,1224.29,1225.49,1216.79,1222.13
12/3/2018,1222.34,1234.98,1221.38,1231.54
12/4/2018,1231.33,1241.97,1230.58,1239.03
12/5/2018,1239.1,1239.32,1233.39,1237.31
12/6/2018,1237.47,1244.33,1234.7,1238.42
12/7/2018,1238.05,1250.09,1237.11,1248.53
12/10/2018,1249.96,1250.91,1241.51,1244.45
12/11/2018,1244.62,1249.58,1241.13,1243.66
12/12/2018,1243.17,1247.32,1242.15,1245.64
12/13/2018,1246.37,1246.8,1240.27,1242.66
12/14/2018,1241.92,1243.12,1233.01,1238.43
12/17/2018,1239.22,1248.09,1235.9,1246.7
12/18/2018,1246.07,1250.3,1245.14,1248.35
12/19/2018,1249.85,1258.06,1241.7,1243.07
12/20/2018,1243.46,1266.5,1242.7,1260.68
12/21/2018,1260.55,1262.78,1254.02,1255.46
12/24/2018,1257.54,1270.15,1257.54,1269.2
12/26/2018,1269.3,1279.07,1264.26,1267.41
12/27/2018,1266.68,1278.99,1266.62,1275.59
12/28/2018,1275.68,1282.19,1274.38,1280.04
12/31/2018,1280.85,1284.14,1277.54,1282.56
1/2/2019,1282.6,1288.79,1278.5,1283.74
1/3/2019,1286.46,1294.81,1284.67,1293.53
1/4/2019,1294.23,1298.58,1276.8,1285.03
1/7/2019,1286.01,1295.09,1282.76,1288.78
1/8/2019,1288.88,1290.25,1279.46,1284.67
1/9/2019,1285.07,1293.92,1280.2,1292.77
1/10/2019,1293.87,1297.13,1286.23,1287.72
1/11/2019,1286.67,1295.21,1286.67,1288.25
1/14/2019,1287.68,1295.93,1287.59,1291.55
1/15/2019,1292.08,1294.74,1286.87,1289.34
1/16/2019,1289.34,1295,1288.02,1294.33
1/17/2019,1294.15,1295.37,1288.87,1291.85
1/18/2019,1292.28,1292.54,1280.73,1280.96
1/21/2019,1280.81,1283.62,1276.79,1280.28
1/22/2019,1279.67,1285.5,1277.52,1283.53
1/23/2019,1285.22,1286.52,1278.8,1283.15
1/24/2019,1283.07,1284.86,1276.91,1281.05
1/25/2019,1280.96,1300.33,1279.85,1300.23
1/28/2019,1302.32,1304.48,1297.8,1302.85
1/29/2019,1303.4,1312.01,1302.4,1310.86
1/30/2019,1312.06,1323.43,1309.17,1320.58
1/31/2019,1320.6,1326.32,1317.55,1321.37
2/1/2019,1321.34,1323.58,1316,1317.93
2/4/2019,1318.18,1319.14,1308.78,1311.3
2/5/2019,1312.24,1316.94,1310.89,1314.91
2/6/2019,1315.46,1315.88,1305.84,1307.21
2/7/2019,1306.8,1312,1302.9,1310.94
2/8/2019,1310.4,1315.68,1307.7,1314.45
2/11/2019,1314.43,1314.94,1303.81,1308.06
2/12/2019,1308.22,1314.83,1306.59,1310.3
2/13/2019,1309.56,1318.2,1305.14,1306.54
2/14/2019,1305.96,1314.4,1302.61,1311.97
2/15/2019,1312.79,1322.66,1311.08,1321.04
2/18/2019,1321.64,1327.69,1320.45,1326.53
2/19/2019,1326.19,1341.85,1322.93,1340.51
2/20/2019,1340.6,1346.8,1337.07,1339.14
2/21/2019,1338.86,1341.61,1322.16,1324.52
2/22/2019,1325.83,1333.15,1321.57,1328.46
2/25/2019,1329.06,1332.59,1325.27,1328.15
2/26/2019,1327.54,1330.26,1323.59,1328.52
2/27/2019,1323.75,1329.95,1317.05,1321.01
2/28/2019,1319.88,1327.2,1311.05,1312.45
3/1/2019,1314.14,1315.24,1290.25,1291.39
3/4/2019,1290.36,1297.12,1283.02,1287.38
3/5/2019,1286.54,1290.01,1281.32,1288.48
3/6/2019,1287.79,1290.94,1283.69,1286.06
3/7/2019,1286.71,1289.08,1281.02,1285.07
3/8/2019,1286.07,1300.81,1285.31,1300.17
3/11/2019,1296.67,1299.19,1290.58,1293.71
3/12/2019,1293.01,1303.86,1292.11,1301.22
3/13/2019,1301,1311.31,1300.96,1308.9
3/14/2019,1309.9,1310.42,1292.95,1296.48
3/15/2019,1296.51,1306.46,1294.09,1302.25
3/18/2019,1302.31,1306.79,1298.3,1303.89
3/19/2019,1303.46,1310.95,1302.56,1306.05
3/20/2019,1306.85,1316.98,1298.78,1313.69
3/21/2019,1314.13,1320.26,1303.44,1309.36
3/22/2019,1309.2,1314.98,1306.92,1313.31
3/25/2019,1312.6,1324.58,1311.09,1321.84
3/26/2019,1322.26,1323.34,1312.78,1316.08
3/27/2019,1316.53,1319.35,1308.25,1309.78
3/28/2019,1309.65,1312.38,1288.69,1290.6
3/29/2019,1291.14,1299.83,1286.91,1292.3
4/1/2019,1292.46,1297.1,1286.53,1287.7
4/2/2019,1287.75,1292.75,1285.46,1292.5
4/3/2019,1292.55,1294.55,1288.41,1290.46
4/4/2019,1290.24,1294.45,1281.05,1291.7
4/5/2019,1292.32,1293.68,1284.58,1291.91
4/8/2019,1291.95,1303.76,1291.51,1298.22
4/9/2019,1297.71,1306.23,1296.69,1305.19
4/10/2019,1304.38,1310.63,1301.07,1306.86
4/11/2019,1308.37,1309.26,1289.74,1293.17
4/12/2019,1292.79,1295.84,1290.11,1290.34
4/15/2019,1291.42,1292.02,1282.63,1289
4/16/2019,1287.89,1288.78,1273.42,1276.9
4/17/2019,1276.88,1279.78,1273.16,1274.54
4/18/2019,1273.8,1277.72,1271.33,1275.77
4/22/2019,1275.64,1279.88,1273.2,1274.86
4/23/2019,1275.3,1276.57,1266.55,1271.78
4/24/2019,1272.3,1278.61,1268.86,1275.62
4/25/2019,1275.91,1282.66,1273.45,1276.71
4/26/2019,1277.19,1288.76,1274.6,1285.53
4/29/2019,1287.44,1287.44,1278.21,1280.79
4/30/2019,1280.1,1286.27,1279.87,1283.48
5/1/2019,1283.34,1287.29,1273.25,1277.63
5/2/2019,1276.95,1278.06,1266.48,1270.92
5/3/2019,1270.74,1282.61,1268.76,1278.29
5/6/2019,1278.94,1285.87,1276.88,1280.5
5/7/2019,1281.33,1286.13,1278.31,1281.78
5/8/2019,1284.41,1291.51,1279.51,1281.57
5/9/2019,1280.9,1288.21,1279.75,1283.91
5/10/2019,1284.23,1289.46,1283.26,1286.07
5/13/2019,1287.92,1301.27,1282.05,1299.23
5/14/2019,1300.09,1303.37,1293.81,1295.77
5/15/2019,1297.19,1300.93,1293.13,1296.51
5/16/2019,1296.65,1298.79,1284.22,1288
5/17/2019,1287.04,1288.99,1275.12,1278.08
5/20/2019,1277.62,1278.99,1273.75,1276.53
5/21/2019,1277.72,1278,1269.61,1274.68
5/22/2019,1274.79,1277.26,1272.57,1274.07
5/23/2019,1273.4,1287.3,1272.9,1284.02
5/24/2019,1281.05,1285.26,1280.87,1284.79
5/27/2019,1284.64,1287.44,1283.85,1285.11
5/28/2019,1285.28,1286.66,1276.25,1278.48
5/29/2019,1279.48,1285.57,1279.18,1281.65
5/30/2019,1280.28,1289.23,1275.11,1288.55
5/31/2019,1288.45,1306.98,1287.76,1305.87
6/3/2019,1307.21,1328.02,1306.16,1325.24
6/4/2019,1324.88,1329.11,1320.08,1325.53
6/5/2019,1325.36,1344.03,1324.61,1330.27
6/6/2019,1331.22,1339.85,1327.38,1335.32
6/7/2019,1335.56,1348.29,1330.38,1341.35
6/10/2019,1336.47,1337.74,1325.21,1327.98
6/11/2019,1327.95,1329.93,1319.96,1326.85
6/12/2019,1326.87,1338.32,1326.11,1333.54
6/13/2019,1333.98,1343.18,1332.46,1342.19
6/14/2019,1342.28,1358.14,1338.1,1341.08
6/17/2019,1342.07,1343.23,1333.11,1339.65
6/18/2019,1340.11,1354.54,1338.73,1346.58
6/19/2019,1346.56,1362.64,1341.52,1360.36
6/20/2019,1360.42,1393.67,1357.81,1388.51
6/21/2019,1387.56,1410.88,1382.63,1399.03
6/24/2019,1400.48,1421.4,1400.11,1419.7
6/25/2019,1419.71,1438.8,1412.12,1423.44
6/26/2019,1423.84,1424.45,1402.3,1408.98
6/27/2019,1409.59,1412.21,1399.03,1409.76
6/28/2019,1409.96,1424.62,1405.98,1411.07
7/1/2019,1398.55,1398.55,1381.89,1384.2
7/2/2019,1383.97,1421.01,1383.39,1418.62
7/3/2019,1421.68,1437.74,1412.53,1418.41
7/4/2019,1419.25,1421.76,1410.38,1415.19
7/5/2019,1415.41,1424.3,1387.04,1400.78
7/8/2019,1398.73,1407.66,1391.93,1395.52
7/9/2019,1395.41,1400.02,1386.31,1397.57
7/10/2019,1397.47,1418.98,1390.02,1418.93
7/11/2019,1418.75,1427.06,1401.34,1403.83
7/12/2019,1404.51,1416.95,1403.27,1414.63
7/15/2019,1415.76,1419.78,1407.86,1414.1
7/16/2019,1414.64,1418.28,1401.11,1406.08
7/17/2019,1406.28,1426.84,1400.31,1426.51
7/18/2019,1426.86,1448.1,1414.82,1446.08
7/19/2019,1447.07,1452.81,1420.57,1425.7
7/22/2019,1427.78,1429.77,1422.46,1424.89
7/23/2019,1425.32,1429.85,1414.38,1417.86
7/24/2019,1417.92,1429.52,1416.43,1425.85
7/25/2019,1425.83,1433.78,1411.2,1414.6
7/26/2019,1414.32,1424.88,1413.71,1416.66
7/29/2019,1419.32,1428.18,1415.63,1426.84
7/30/2019,1426.96,1433.19,1422.4,1430.84
7/31/2019,1431.15,1434.43,1411.01,1413.73
8/1/2019,1413.05,1446.05,1400.6,1445.09
8/2/2019,1445.72,1448.83,1430.42,1440.97
8/5/2019,1440,1469.82,1436.98,1464
8/6/2019,1468.76,1474.99,1456.6,1474.35
8/7/2019,1474.45,1510.1,1472.35,1501.13
8/8/2019,1500.33,1509.44,1490.17,1500.86
8/9/2019,1505.69,1509.06,1494.96,1498.48
8/12/2019,1498,1519.82,1487.68,1511.22
8/13/2019,1511.2,1534.95,1480.29,1501.5
8/14/2019,1502.1,1524.03,1494.58,1516.33
8/15/2019,1516.64,1527.09,1508.31,1523.31
8/16/2019,1523.56,1527.95,1504.18,1514.49
8/19/2019,1512.6,1513.05,1493.32,1496.07
8/20/2019,1495.87,1508.46,1493.18,1507.19
8/21/2019,1507.55,1508.12,1496.71,1502.58
8/22/2019,1502.54,1504.49,1492.57,1498.12
8/23/2019,1498.6,1530.11,1493.62,1528.7
8/26/2019,1539.19,1555.16,1525.29,1527.4
8/27/2019,1527.7,1544.68,1526.01,1542.79
8/28/2019,1542.13,1546.86,1532.07,1538.95
8/29/2019,1539.17,1550.42,1519.93,1527.65
8/30/2019,1527.9,1533.19,1517.12,1523.72
9/2/2019,1528.45,1533.97,1519.47,1529.28
9/3/2019,1529.55,1549.7,1521.76,1547.13
9/4/2019,1547.19,1557.1,1533.99,1552.54
9/5/2019,1552.02,1553.05,1506.88,1519.06
9/6/2019,1518.5,1527.89,1502.93,1505.78
9/9/2019,1508.1,1515.54,1497.75,1499.2
9/10/2019,1498.98,1500.9,1484.7,1485.8
9/11/2019,1485.9,1498.29,1485.3,1497.04
9/12/2019,1497.58,1524.27,1489.39,1499.27
9/13/2019,1498.9,1509.04,1485.74,1486.81
9/16/2019,1505.82,1512.14,1496.02,1497.6
9/17/2019,1498.41,1507.16,1493.59,1501.37
9/18/2019,1501.55,1511.24,1484.46,1493.96
9/19/2019,1494,1504.39,1489.13,1499.03
9/20/2019,1499.31,1517.1,1498.01,1516.36
9/23/2019,1514.48,1526.86,1511.47,1522.3
9/24/2019,1522.44,1535.7,1515.9,1531.77
9/25/2019,1531.61,1535.17,1500.66,1503.95
9/26/2019,1504.01,1512.34,1501.32,1504.83
9/27/2019,1505,1507.45,1487.1,1496.62
9/30/2019,1495.16,1499.85,1464.64,1472.72
10/1/2019,1472.34,1487.24,1459.25,1479.13
10/2/2019,1478.94,1504.96,1474.69,1499.43
10/3/2019,1499.58,1519.44,1495.97,1505.19
10/4/2019,1505.15,1513.86,1496.18,1505.16
10/7/2019,1512.54,1512.54,1488.17,1493.44
10/8/2019,1493.57,1509.46,1487.25,1505.54
10/9/2019,1505.8,1511.86,1499.98,1505.57
10/10/2019,1505.86,1516.98,1491.33,1494.14
10/11/2019,1494.23,1503.24,1474.1,1485.84
10/14/2019,1488.2,1497.08,1482.93,1493.25
10/15/2019,1493.4,1498.28,1477.53,1481.08
10/16/2019,1481.25,1491.53,1477.23,1490.08
10/17/2019,1490.4,1497.36,1483.46,1491.9
10/18/2019,1492.1,1494.18,1484.98,1490.63
10/21/2019,1491.58,1495.21,1481.92,1484.5
10/22/2019,1485.08,1489.02,1481.02,1487.64
10/23/2019,1488.01,1496.4,1487.61,1492.13
10/24/2019,1492.03,1504.05,1488.15,1503.95
10/25/2019,1503.82,1517.99,1500.72,1505.77
10/28/2019,1503.26,1508.26,1490.17,1492.59
10/29/2019,1492.11,1494.87,1483.66,1488.35
10/30/2019,1487.4,1496.64,1481.33,1496.54
10/31/2019,1495.68,1514.26,1494.04,1513.17
11/1/2019,1512.4,1515.88,1503.51,1514.34
11/4/2019,1513.33,1514.8,1504.52,1509.83
11/5/2019,1509.51,1509.75,1479.88,1483.61
11/6/2019,1482.95,1494.13,1482.49,1490.58
11/7/2019,1490.17,1492.24,1460.7,1468.51
11/8/2019,1468.62,1472.95,1456.34,1458.8
11/11/2019,1459.01,1466.49,1448.3,1455.82
11/12/2019,1455.18,1460.45,1445.78,1456.3
11/13/2019,1456.24,1467.13,1455.9,1463.55
11/14/2019,1463.47,1474.65,1461.3,1471.36
11/15/2019,1471.29,1471.46,1462.55,1466.91
11/18/2019,1467.83,1473.97,1456.49,1471.4
11/19/2019,1471.48,1475.55,1464.97,1472.46
11/20/2019,1472.53,1478.87,1465.8,1471.6
11/21/2019,1474.9,1475.69,1462.5,1464.46
11/22/2019,1464.26,1473.26,1461.52,1462.16
11/25/2019,1460.69,1462.18,1454.18,1455.28
11/26/2019,1455.05,1462.91,1450.25,1461.36
11/27/2019,1461.69,1461.99,1452.79,1454.44
11/28/2019,1454.72,1458.34,1454.46,1455.86
11/29/2019,1455.54,1466.61,1453.11,1464.02
12/2/2019,1464.07,1465.07,1454.05,1462.39
12/3/2019,1462.25,1481.76,1459.89,1477.49
12/4/2019,1477.35,1484.07,1471.53,1474.62
12/5/2019,1474.74,1480.41,1473.06,1476.07
12/6/2019,1475.8,1479.34,1458.86,1460.61
12/9/2019,1459.65,1465.37,1458.8,1461.62
12/10/2019,1461.72,1469.19,1460.17,1464.35
12/11/2019,1463.98,1478.78,1462.96,1474.72
12/12/2019,1474.82,1486.78,1464.28,1469.84
12/13/2019,1467.23,1478.01,1462.58,1476.61
12/16/2019,1475.65,1479.83,1473.28,1476.19
12/17/2019,1476.05,1480.68,1474.25,1476.16
12/18/2019,1476.13,1479.33,1470.61,1475.48
12/19/2019,1475.6,1481.73,1473.37,1478.75
12/20/2019,1478.76,1481.01,1475.93,1477.58
12/23/2019,1478.5,1486.2,1477.58,1485.77
12/24/2019,1485.55,1500.64,1484.47,1499.56
12/26/2019,1500.15,1512.55,1497.61,1511.29
12/27/2019,1511.12,1515.35,1507.44,1510.86
12/30/2019,1511.63,1516.17,1510.88,1515.12
12/31/2019,1514.89,1525.31,1514.73,1517.305
1/2/2020,1518.17,1531.32,1517.32,1529.14
1/3/2020,1529.16,1553.4,1528.05,1549.02
1/6/2020,1560.58,1586.76,1560.58,1565.74
1/7/2020,1565.48,1577.18,1555.43,1574.26
1/8/2020,1576.75,1611.45,1552.36,1556.42
1/9/2020,1556.85,1561.37,1540.4,1552.39
1/10/2020,1552.31,1561.09,1545.81,1560.3
1/13/2020,1560.71,1561.02,1546.98,1547.89
1/14/2020,1548.36,1548.92,1536.12,1546.44
1/15/2020,1546.36,1558.38,1546.11,1556.29
1/16/2020,1556.42,1558.15,1548.21,1552.48
1/17/2020,1552.54,1561.3,1549.53,1557.07
1/20/2020,1557.52,1563.96,1556.45,1560.62
1/21/2020,1560.92,1568.62,1546.52,1558.21
1/22/2020,1558.63,1559.29,1550.27,1558.9
1/23/2020,1559,1567.99,1552.07,1562.91
1/24/2020,1562.82,1575.86,1556.68,1571.66
1/27/2020,1581.29,1588.41,1576,1582.04
1/28/2020,1581.79,1583.07,1565.65,1567.29
1/29/2020,1567.04,1578.02,1563.47,1576.82
1/30/2020,1577.16,1586.18,1572.4,1574.47
1/31/2020,1573.92,1589.4,1570.93,1586.88
2/3/2020,1593.43,1593.57,1570.51,1576.74
2/4/2020,1577.24,1579.62,1549.15,1552.91
2/5/2020,1552.94,1562.44,1547.58,1555.99
2/6/2020,1556.23,1568.12,1552.61,1566.73
2/7/2020,1566.85,1574.1,1560.84,1570.19
2/10/2020,1572.05,1577.05,1568.11,1572.15
2/11/2020,1572.19,1573.98,1562.3,1567.93
2/12/2020,1568.07,1570.47,1562.11,1566.09
2/13/2020,1566.04,1578.35,1565.74,1576.01
2/14/2020,1576.17,1584.44,1573.43,1582.65
2/17/2020,1582.4,1583.82,1578.93,1581.3
2/18/2020,1584.33,1605.15,1582.51,1601.62
2/19/2020,1601.68,1613.16,1599.6,1611.76
2/20/2020,1612.29,1623.9,1604.06,1619.63
2/21/2020,1620.57,1649.16,1618.79,1643.37
2/24/2020,1654.84,1689.04,1651.16,1659.41
2/25/2020,1659.35,1664.01,1626.67,1635.21
2/26/2020,1634.97,1655.02,1625.01,1640.98
2/27/2020,1640.81,1660.39,1635.43,1645
2/28/2020,1644.275,1649.59,1563.49,1577.4
3/2/2020,1592.13,1610.95,1575.87,1589.37
3/3/2020,1587.07,1649.23,1586.79,1640.92
3/4/2020,1640.18,1652.38,1632.21,1636.97
3/5/2020,1639.46,1674.64,1635.16,1672.21
3/6/2020,1672.58,1692.07,1645.45,1673.21
3/9/2020,1698.35,1703.16,1657.93,1678.8
3/10/2020,1671.53,1671.53,1641.9,1650.35
3/11/2020,1653.22,1671.2,1633.33,1637.57
3/12/2020,1638.94,1650.16,1561.07,1577.89
3/13/2020,1577.09,1597.97,1505.045,1529.75
3/16/2020,1546.77,1562.85,1451.28,1500.985
3/17/2020,1508.19,1553.99,1465.91,1530.37
3/18/2020,1532.86,1543.66,1473.11,1476.99
3/19/2020,1485,1500.88,1464.44,1471.175
3/20/2020,1467.94,1516.05,1466.09,1497.36
3/23/2020,1489.05,1561.27,1485.19,1556.695
3/24/2020,1564.79,1639.66,1559.4,1630.05
3/25/2020,1632.12,1639.09,1596.02,1613.095
3/26/2020,1611.37,1644.18,1597.22,1627.46
3/27/2020,1629.26,1632.49,1614.48,1620.75
3/30/2020,1620.75,1637.3,1611.66,1622.6
3/31/2020,1623.38,1623.84,1573.05,1575.15
4/1/2020,1576.59,1600.03,1569.8,1591.81
4/2/2020,1590.73,1620.71,1583.1,1613.65
4/3/2020,1615.89,1625.94,1606.69,1622.39
4/6/2020,1617.65,1669.16,1609.13,1662.1
4/7/2020,1663.92,1675.87,1643.06,1648.9
4/8/2020,1648.92,1656.89,1642.26,1646
4/9/2020,1645.8,1690.44,1643.52,1683.25
4/13/2020,1685.3,1722.64,1675.55,1715.07
4/14/2020,1711.84,1747.4,1709.25,1727.15
4/15/2020,1727.59,1731.71,1708.29,1717.13
4/16/2020,1717.84,1738.75,1708.6,1717.7
4/17/2020,1717.64,1718.61,1680.61,1684.1
4/20/2020,1682.59,1702.975,1672.12,1696.05
4/21/2020,1696.475,1697.95,1660.86,1686.1
4/22/2020,1688.49,1718.93,1680.59,1714.12
4/23/2020,1713.94,1738.74,1707.9,1730.33
4/24/2020,1730.53,1736.5,1710.79,1728.03
4/27/2020,1728.52,1728.52,1706.09,1714.135
4/28/2020,1713.255,1716.17,1692.4,1708.08
4/29/2020,1708.59,1717.69,1698.11,1713.32
4/30/2020,1714.05,1721.25,1681.05,1686.855
5/1/2020,1686.93,1705.4,1670.59,1699.23
5/4/2020,1701.92,1714.45,1692.07,1701.74
5/5/2020,1701.07,1712.22,1690.84,1705.93
5/6/2020,1706.04,1708.1,1683.21,1685.78
5/7/2020,1683.73,1722.12,1683.38,1715.94
5/8/2020,1717.12,1723.33,1701.83,1707.15
5/11/2020,1702.03,1712.38,1692.45,1698
5/12/2020,1697.26,1711.03,1694.04,1702.82
5/13/2020,1702.26,1718.21,1699.31,1715.08
5/14/2020,1716.515,1736.35,1711.25,1730.22
5/15/2020,1730.43,1751.16,1728.83,1742.98
5/18/2020,1746.2,1765.12,1727.7,1732.275
5/19/2020,1732.54,1748.01,1726.5,1745.07
5/20/2020,1745.91,1754.08,1742.89,1748.32
5/21/2020,1747.92,1748.83,1717.36,1727.38
5/22/2020,1727.32,1739.94,1724.58,1735.38
5/25/2020,1733.7,1735.58,1722.42,1730.68
5/26/2020,1728.84,1735.43,1708.44,1711.13
5/27/2020,1710.75,1716.14,1693.82,1709.4
5/28/2020,1711.29,1727.13,1707.29,1718.64
5/29/2020,1719.05,1737.59,1712.98,1731.5
6/1/2020,1736.49,1744.67,1728.47,1739.58
6/2/2020,1738.97,1745.09,1721.69,1727.76
6/3/2020,1727.8,1731.99,1689.5,1699.75
6/4/2020,1700.42,1721.65,1697.27,1714.09
6/5/2020,1715.26,1716.41,1671.03,1681.82
6/8/2020,1684.24,1700.65,1677.74,1698.47
6/9/2020,1698.16,1720.88,1692.54,1715.28
6/10/2020,1713.9,1740.05,1708.34,1737.76
6/11/2020,1737.94,1744.81,1721.82,1727.12
6/12/2020,1727.795,1743,1722.5,1731.37
6/15/2020,1733.4,1734.13,1704.48,1725.11
6/16/2020,1725.15,1732.87,1717.17,1726.72
6/17/2020,1726.26,1730.26,1713.38,1726.82
6/18/2020,1726.33,1737.55,1717.75,1722.82
6/19/2020,1722.2,1745.2,1721.71,1742.52
6/22/2020,1750.03,1763.16,1743.29,1754.44
6/23/2020,1754.85,1771.16,1747.64,1768.38
6/24/2020,1768.13,1779.38,1760.92,1760.92
6/25/2020,1761.38,1769.03,1755.68,1763.72
6/26/2020,1765.32,1772,1747.72,1770.97
6/29/2020,1775.68,1775.8,1766.06,1772.92
6/30/2020,1772.85,1785.96,1765.44,1780.96
7/1/2020,1782.69,1789.24,1759.51,1770.15
7/2/2020,1769.51,1779.57,1757.75,1775.33
7/3/2020,1776.11,1777.21,1772.79,1775.725
7/6/2020,1776.455,1787.18,1770.35,1784.55
7/7/2020,1784.8,1797.51,1773.88,1794.85
7/8/2020,1795.56,1818,1791.83,1808.87
7/9/2020,1809.61,1815.97,1795.95,1803.56
7/10/2020,1802.42,1810.53,1794.19,1799.54
7/13/2020,1798.98,1813.36,1798.15,1802.69
7/14/2020,1803.11,1810.98,1791.74,1809.33
7/15/2020,1808.71,1814.69,1802.82,1810.26
7/16/2020,1810.38,1813.43,1794.68,1797.22
7/17/2020,1797.74,1811.97,1795.98,1810.12
7/20/2020,1809.11,1820.55,1805.93,1817.83
7/21/2020,1818.24,1843.52,1815.93,1841.77
7/22/2020,1841.55,1872.97,1840.8,1872.97
7/23/2020,1872.59,1898.44,1863.81,1887.175
7/24/2020,1887.39,1906.68,1881.11,1902.59
7/27/2020,1901.81,1945.67,1900.18,1940.18
7/28/2020,1942.45,1981.3,1907.23,1960.38
7/29/2020,1957.28,1980.78,1941.55,1969.48
7/30/2020,1970.99,1971.75,1939.76,1951.13
7/31/2020,1957.4,1982.77,1955.39,1974.2
8/3/2020,1979.6,1985.32,1960.77,1976.85
8/4/2020,1977.11,2019.94,1968.42,2016.51
8/5/2020,2019.35,2055.69,2009.84,2038.635
8/6/2020,2040.645,2069.74,2034.725,2065.35
8/7/2020,2065.72,2075.11,2015.71,2031.69
8/10/2020,2033.15,2049.77,2019.71,2027.6
8/11/2020,2028.33,2030.15,1901.7,1912.05
8/12/2020,1911.93,1949.39,1864.19,1916.125
8/13/2020,1915.15,1966.24,1912.7,1954.13
8/14/2020,1953.25,1962.22,1932.62,1943.52
8/17/2020,1947.1,1990.71,1930.18,1981.05
8/18/2020,1985.2,2015.68,1976.24,1997.75
8/19/2020,2002.66,2006.58,1925.04,1935.93
8/20/2020,1929.5,1955.38,1925.16,1947.87
8/21/2020,1947.37,1956.035,1911.92,1938.02
8/24/2020,1941.74,1961.67,1923.77,1928.845
8/25/2020,1928.575,1937.42,1914.39,1928.46
8/26/2020,1931.33,1954.81,1902.87,1954.2
8/27/2020,1955.57,1976.15,1910.76,1925.41
8/28/2020,1929.87,1973.64,1923.49,1963.49
8/31/2020,1965.48,1976.46,1954.62,1967.82
9/1/2020,1967.59,1992.47,1964.14,1970.42
9/2/2020,1969.84,1973.32,1932.65,1943.06
9/3/2020,1942.885,1951.1,1922.17,1930.675
9/4/2020,1931.63,1948.15,1916.51,1934.81
9/7/2020,1931.64,1941.08,1924.99,1928.385
9/8/2020,1929.81,1940.84,1906.76,1931.68
9/9/2020,1932.05,1950.82,1920.16,1946.79
9/10/2020,1946.16,1966.54,1941.54,1946.06
9/11/2020,1945.25,1954.81,1937.52,1942.445
9/14/2020,1940.06,1962.51,1937.62,1956.39
9/15/2020,1957.67,1972.14,1948.58,1954.05
9/16/2020,1953.74,1973.59,1950.03,1959.84
9/17/2020,1959.45,1961.05,1933.21,1944
9/18/2020,1942.64,1960.09,1942.64,1950.94
9/21/2020,1949.69,1955.66,1883.12,1912.58
9/22/2020,1912.77,1919.73,1894.92,1900.05
9/23/2020,1900.17,1905.4,1856.03,1863.6
9/24/2020,1863.11,1877.13,1848.81,1867.83
9/25/2020,1868.41,1875.23,1852.86,1862.66
9/28/2020,1859.49,1883.11,1849.67,1881.56
9/29/2020,1881.485,1899.11,1875.63,1896.56
9/30/2020,1898.73,1902.29,1881.61,1885.8
10/1/2020,1886.25,1911.92,1884.74,1906.05
10/2/2020,1905.63,1917.14,1890.01,1901.81
10/5/2020,1902.67,1918.71,1887.15,1913.56
10/6/2020,1913.135,1920.8,1874.97,1878.07
10/7/2020,1879.08,1898.01,1873.14,1887.4
10/8/2020,1887.74,1900.68,1882.03,1893.77
10/9/2020,1894.21,1929.66,1893.75,1928.47
10/12/2020,1928.66,1933.23,1918.62,1922.64
10/13/2020,1922.71,1925.51,1887.35,1891.11
10/14/2020,1892.08,1913.11,1882.56,1901.83
10/15/2020,1902.15,1909.025,1889.3,1908.16
10/16/2020,1908.965,1913.89,1898.04,1899.34
10/19/2020,1899.86,1918.53,1897.14,1904.36
10/20/2020,1904.35,1914.13,1894.96,1906.44
10/21/2020,1908.94,1931.47,1908.65,1924.685
10/22/2020,1924.3,1926.02,1894.8,1904.07
10/23/2020,1904.22,1914.29,1894.58,1903.55
10/26/2020,1893.52,1908.64,1893.49,1902.385
10/27/2020,1902.59,1911.37,1897.93,1907.77
10/28/2020,1904.79,1910.9,1869.92,1876.675
10/29/2020,1877.98,1885.02,1860.1,1868.57
10/30/2020,1866.73,1889.73,1864.79,1878.38
11/2/2020,1877.11,1896.07,1873.61,1895.8
11/3/2020,1895.75,1910.6,1887.16,1909.73
11/4/2020,1908.7,1916.36,1883.23,1902.99
11/5/2020,1903.1,1952.78,1902.59,1949.74
11/6/2020,1948.87,1960.42,1935.67,1951.76
11/9/2020,1954.4,1965.55,1850.69,1862.86
11/10/2020,1864.76,1890.44,1860.71,1877.26
11/11/2020,1877.23,1884.46,1856.45,1865.64
11/12/2020,1865.84,1883.85,1862.82,1877.01
11/13/2020,1876.89,1896.76,1874.08,1887.84
11/16/2020,1889.82,1899.06,1865.41,1888.99
11/17/2020,1889.04,1893.49,1877.1,1880.55
11/18/2020,1880.85,1884.86,1865.11,1872.48
11/19/2020,1872.91,1874.17,1852.65,1866.59
11/20/2020,1866.175,1879.75,1860.59,1873.16
11/23/2020,1870.13,1876.16,1831.12,1837.86
11/24/2020,1838.06,1838.99,1801.04,1807.53
11/25/2020,1807.93,1817.6,1801.73,1807.625
11/26/2020,1807.735,1818.35,1806.19,1810.31
11/27/2020,1811.09,1813.65,1774.5,1787.215
11/30/2020,1789.6,1790.02,1764.72,1776.77
12/1/2020,1777.15,1817.32,1775.83,1815.21
12/2/2020,1815.325,1832.48,1807.57,1830.61
12/3/2020,1830.57,1844.03,1823.92,1841.04
12/4/2020,1841.4,1848.17,1829.5,1836.52
12/7/2020,1838.86,1868.59,1823.39,1862.31
12/8/2020,1862.35,1875.27,1860.37,1870.41
12/9/2020,1870.93,1870.93,1825.94,1840.06
12/10/2020,1839.84,1849.99,1828.89,1836.79
12/11/2020,1837.38,1847.74,1824.76,1839.5
12/14/2020,1841.46,1841.46,1820.17,1827.12
12/15/2020,1827.79,1855.39,1825.66,1853.36
12/16/2020,1853.49,1865.68,1844.85,1864.91
12/17/2020,1864.49,1896.4,1862.34,1885.595
12/18/2020,1885.88,1889.65,1877.49,1881.27
12/21/2020,1884.24,1906.73,1855.42,1876.76
12/22/2020,1877.39,1884.29,1858.98,1860.32
12/23/2020,1861.01,1878.18,1858.06,1873.21
12/24/2020,1873.2,1883.58,1869.82,1879.82
12/28/2020,1883.2,1900.29,1870.31,1873.96
12/29/2020,1873.15,1886.37,1872.27,1878.41
12/30/2020,1878.27,1894.6,1876.39,1894.58
12/31/2020,1894.32,1901.09,1885.54,1898.705
1/4/2021,1903.49,1944.44,1903.49,1942.78
1/5/2021,1942.4,1953.06,1934.45,1950.18
1/6/2021,1950.56,1959.11,1901,1919.48
1/7/2021,1919.47,1927.69,1906.97,1913.25
1/8/2021,1914.74,1917.51,1829.04,1848.61
1/11/2021,1849.22,1856.58,1817.6,1843.73
1/12/2021,1844.16,1863.66,1837.83,1854.75
1/13/2021,1855.42,1862.96,1842.35,1845.12
1/14/2021,1845.29,1857.4,1831.18,1845.87
1/15/2021,1847.05,1856.53,1823.46,1825.57
1/18/2021,1828.23,1840.79,1804.01,1837.585
1/19/2021,1838.09,1845.38,1833.17,1839.96
1/20/2021,1840.53,1871.79,1833.04,1871.4
1/21/2021,1871.26,1875.07,1858.58,1869.83
1/22/2021,1870.085,1870.89,1837.63,1853.87
1/25/2021,1855.1,1867.9,1847.22,1855.95
1/26/2021,1856.22,1861.75,1848.66,1850.81
1/27/2021,1851.24,1853.18,1831.58,1843.56
1/28/2021,1844.43,1864.13,1834.26,1842.43
1/29/2021,1842.99,1875.66,1839.69,1842.81
2/1/2021,1862.7,1871.76,1849.34,1860.61
2/2/2021,1860.45,1864.08,1829.71,1837.97
2/3/2021,1838.04,1845,1830.66,1834.08
2/4/2021,1833.99,1834.83,1785.15,1794.33
2/5/2021,1793.91,1815.24,1792.41,1810.95
2/8/2021,1815.29,1839.16,1807.94,1830.61
2/9/2021,1830.31,1848.59,1829.07,1838.59
2/10/2021,1837.89,1855.52,1834.21,1843.255
2/11/2021,1843.35,1847.61,1821.31,1825.7
2/12/2021,1826.12,1830.56,1810.75,1821.29
2/15/2021,1825.55,1827.1,1816.23,1818.855
2/16/2021,1819.165,1826.52,1789.68,1794.46
2/17/2021,1794.3,1795.24,1769.98,1776.44
2/18/2021,1777.68,1789.41,1768.55,1775.84
2/19/2021,1776.64,1791.49,1760.74,1781.43
2/22/2021,1782.17,1812.63,1780.84,1809.36
2/23/2021,1809.87,1815.95,1795.92,1805.67
2/24/2021,1806.16,1813.82,1783.73,1805.47
2/25/2021,1805.24,1805.26,1766.15,1770.75
2/26/2021,1771.85,1775.84,1717.15,1727.48
3/1/2021,1733.82,1759.54,1719.77,1724.95
3/2/2021,1724.96,1739.18,1707.31,1738.48
3/3/2021,1738.22,1740.52,1702.28,1711.04
3/4/2021,1710.98,1722.91,1690.94,1697.5
3/5/2021,1697.72,1707.48,1687.56,1698.33
3/8/2021,1703.55,1714.2,1676.95,1683.6
3/9/2021,1683.48,1720.69,1680.31,1716.17
3/10/2021,1716.11,1726.89,1708.26,1726.72
3/11/2021,1726.76,1739.91,1719.47,1722.6
3/12/2021,1722.34,1727.98,1699.35,1724.54
3/15/2021,1727.89,1734.57,1721.97,1732.16
3/16/2021,1730.77,1741.16,1726.38,1732.485
3/17/2021,1731.95,1751.65,1724.19,1747.38
3/18/2021,1747.5,1755.55,1719.31,1736.18
3/19/2021,1735.06,1746.74,1728.62,1745
3/22/2021,1738.18,1743.1,1727.58,1739.695
3/23/2021,1739.65,1742.53,1724.76,1727.48
3/24/2021,1727.02,1738.42,1724.08,1734.765
3/25/2021,1734.18,1745.52,1722.1,1727.855
3/26/2021,1727.96,1736.78,1721.7,1732.57
3/29/2021,1731.7,1733.2,1705.94,1712.21
3/30/2021,1712.37,1714.45,1678.92,1685.195
3/31/2021,1685.595,1715.2,1677.75,1707.65
4/1/2021,1708,1730.65,1705.85,1729.7
4/5/2021,1728.6,1733.56,1721.36,1728.33
4/6/2021,1728.6,1745.48,1727.3,1743.3
4/7/2021,1743.05,1744.43,1730.76,1737.7
4/8/2021,1737.9,1758.71,1733.24,1755.6
4/9/2021,1755.65,1757.39,1731.41,1742.98
4/12/2021,1743,1745.05,1727.79,1732.85
4/13/2021,1732.7,1748.94,1723.8,1745.34
4/14/2021,1745.65,1749.39,1732.88,1736.45
4/15/2021,1736.43,1769.64,1734.2,1763.64
4/16/2021,1763.75,1783.79,1759.91,1775.98
4/19/2021,1777.5,1790.06,1766.85,1771.45
4/20/2021,1770.85,1780.43,1763.77,1778.91
4/21/2021,1778.71,1797.57,1776.36,1793.65
4/22/2021,1794,1797.87,1777.53,1784.16
4/23/2021,1784.43,1795.98,1770.09,1776.3
4/26/2021,1776.05,1783.5,1769.1,1781.25
4/27/2021,1781.26,1785.58,1773.91,1776.65
4/28/2021,1776.7,1782.63,1762.69,1781.63
4/29/2021,1782.3,1790,1756.29,1772.03
4/30/2021,1772.88,1773.7,1764.4,1767.94
5/3/2021,1770.46,1797.89,1766.21,1792.995
5/4/2021,1794.015,1799,1771.29,1778.78
5/5/2021,1779.01,1788.07,1770.56,1786.86
5/6/2021,1787.23,1818.08,1782.2,1814.96
5/7/2021,1815.08,1843.26,1813,1832.13
5/10/2021,1832.78,1845.41,1830.15,1836.15
5/11/2021,1836.11,1841.81,1818.27,1837.49
5/12/2021,1837.51,1843.49,1813.43,1815.41
5/13/2021,1815.92,1828.73,1809.02,1826.5
5/14/2021,1826.49,1843.65,1819.98,1842.74
5/17/2021,1842.4,1868.49,1842.24,1866.85
5/18/2021,1865.7,1874.92,1863.39,1869.55
5/19/2021,1869.61,1890.07,1852.23,1869.52
5/20/2021,1869.71,1883.83,1863.96,1877.22
5/21/2021,1877.65,1889.34,1870.21,1879.9
5/24/2021,1881.99,1887.05,1875.79,1880.88
5/25/2021,1881.11,1900.32,1872.85,1899.16
5/26/2021,1899.09,1912.81,1890.83,1896.79
5/27/2021,1896.42,1903.73,1888.55,1896.37
5/28/2021,1897.53,1905.48,1882.52,1904.85
5/31/2021,1903.54,1910.62,1902.21,1906.75
6/1/2021,1907.4,1916.59,1892.53,1900.3
6/2/2021,1900.07,1909.1,1894.58,1908.28
6/3/2021,1907.96,1909.65,1865.55,1870.59
6/4/2021,1871.005,1896.13,1855.96,1891.53
6/7/2021,1891.66,1900.16,1881.61,1899.25
6/8/2021,1899,1903.35,1884.33,1892.91
6/9/2021,1892.14,1898.91,1887.42,1888.62
6/10/2021,1888.84,1899.95,1870.56,1898.33
6/11/2021,1898.44,1903.02,1874.33,1876.63
6/14/2021,1877.82,1877.9,1845.01,1866.19
6/15/2021,1866.47,1869.1,1851.54,1858.8
6/16/2021,1859.38,1862.7,1804.22,1811.75
6/17/2021,1811.93,1825.34,1767.33,1773.29
6/18/2021,1773.05,1797.33,1761.31,1762.06
6/21/2021,1764.69,1786.53,1764.69,1783.15
6/22/2021,1783.02,1790.18,1772.75,1778.7
6/23/2021,1779,1794.79,1773.54,1778.7
6/24/2021,1778.49,1788.01,1773.04,1775.15
6/25/2021,1775.51,1790.3,1773.46,1779.39
6/28/2021,1781.11,1785.89,1770.76,1778.37
6/29/2021,1778.27,1779.02,1751.16,1761.17
6/30/2021,1761.71,1774.42,1753.46,1770.21
7/1/2021,1770.03,1782.78,1765.85,1776.76
7/2/2021,1777.05,1795.07,1774.45,1787.97
7/5/2021,1787.48,1794.46,1784.55,1791.745
7/6/2021,1792.1,1815.02,1790.22,1797.02
7/7/2021,1796.96,1809.63,1793.99,1803.65
7/8/2021,1803.97,1818.34,1794.9,1802.71
7/9/2021,1802.95,1812.37,1796.78,1808.33
7/12/2021,1808.02,1810.7,1791.78,1806.18
7/13/2021,1806.36,1817.15,1799.05,1807.7
7/14/2021,1808.25,1829.81,1804.7,1827.41
7/15/2021,1827.4,1833.93,1820.41,1829.49
7/16/2021,1829.43,1832.09,1809.3,1811.01
7/19/2021,1811.35,1817.34,1795.22,1812.23
7/20/2021,1812.75,1824.9,1805.2,1810.27
7/21/2021,1810.68,1813.8,1794.91,1803.51
7/22/2021,1803.8,1808.09,1792.92,1806.93
7/23/2021,1807.225,1810.4,1790.8,1801.45
7/26/2021,1802.36,1811.53,1796.48,1797.48
7/27/2021,1797.53,1805.23,1793.73,1798.96
7/28/2021,1799.02,1809.86,1792.91,1807.15
7/29/2021,1807.38,1832.68,1806.96,1828.17
7/30/2021,1828.31,1831.29,1810.45,1813.91
8/2/2021,1814.2,1819.57,1805.87,1813.33
8/3/2021,1813.44,1815.1,1807.22,1810.5
8/4/2021,1810.7,1831.63,1806.76,1812.08
8/5/2021,1811.97,1814.92,1798.07,1804.355
8/6/2021,1804.55,1804.86,1758.3,1760.33
8/9/2021,1763.53,1764.67,1671.9,1729.7
8/10/2021,1730.26,1738.39,1717.87,1729.15
8/11/2021,1729.3,1754.29,1724.5,1751.73
8/12/2021,1751.18,1758.2,1741.97,1752.66
8/13/2021,1752.68,1779.27,1751.86,1778.57
8/16/2021,1789,1789.25,1770.6,1787.25
8/17/2021,1787.59,1795.36,1780.68,1786.06
8/18/2021,1786.24,1793.82,1777.44,1787.74
8/19/2021,1787.6,1792.35,1774.76,1780.13
8/20/2021,1780.32,1788.46,1778.56,1782.18
8/23/2021,1786.95,1806.51,1776.6,1805.5
8/24/2021,1805.3,1809.51,1800.64,1802.95
8/25/2021,1803.07,1803.07,1782.87,1790.9
8/26/2021,1790.96,1798.22,1780.26,1792.09
8/27/2021,1792.96,1819.16,1785.62,1818.45
8/30/2021,1818.41,1823.31,1807.62,1810.16
8/31/2021,1810.075,1819.21,1801.94,1813.47
9/1/2021,1814.095,1820.06,1808.57,1813.83
9/2/2021,1813.85,1817.19,1805.19,1809.565
9/3/2021,1809.3,1834.1,1808.09,1828.65
9/6/2021,1830.355,1830.355,1820.7,1823.37
9/7/2021,1823.3,1827.33,1792.43,1794.4
9/8/2021,1794.42,1802.04,1782.6,1789.23
9/9/2021,1789.14,1801.04,1783.73,1794.5
9/10/2021,1794.6,1803.94,1787.16,1787.9
9/13/2021,1787.9,1798.49,1783.84,1793.63
9/14/2021,1793.5,1808.77,1780.75,1804.61
9/15/2021,1804.515,1806.92,1790.61,1793.775
9/16/2021,1794.35,1796.24,1745.22,1753.41
9/17/2021,1754.195,1767.41,1747.29,1751.65
9/20/2021,1754.5,1767.16,1742.255,1764.095
9/21/2021,1764.6,1781.7,1757.94,1774.19
9/22/2021,1774.15,1787.3,1764.995,1768.205
9/23/2021,1768.65,1776.47,1738.095,1742.76
9/24/2021,1743.3,1757.69,1740.65,1746.72
9/27/2021,1751.735,1760.91,1744.93,1750.085
9/28/2021,1750.25,1754.53,1727.19,1733.93
9/29/2021,1734.2,1745.66,1721.53,1726.35
9/30/2021,1726.13,1764.29,1722.04,1756.895
10/1/2021,1756.8,1764.18,1749.56,1760.07
10/4/2021,1760.08,1770.46,1747.84,1769.44
10/5/2021,1769.425,1769.44,1749.18,1759.96
10/6/2021,1760.03,1765.08,1746.01,1762.65
10/7/2021,1763.07,1766.96,1752.18,1755.17
10/8/2021,1756.09,1781.37,1753.44,1756.88
10/11/2021,1757.565,1760.98,1750.38,1754.2
10/12/2021,1754.075,1769.4,1750.85,1760.11
10/13/2021,1760.14,1796.02,1758.09,1793.05
10/14/2021,1792.85,1800.47,1786.84,1796.01
10/15/2021,1795.99,1796.48,1764.97,1768.33
10/18/2021,1767.875,1772.1,1760.42,1764.87
10/19/2021,1765.02,1785.16,1763.01,1769.54
10/20/2021,1769.36,1788.44,1766.97,1782.04
10/21/2021,1782.2,1789.31,1776.62,1782.83
10/22/2021,1783.34,1813.74,1783.04,1794.13
10/25/2021,1794.33,1809.98,1792.37,1807.73
10/26/2021,1807.38,1808.34,1782.46,1792.85
10/27/2021,1793.26,1799.1,1783.57,1797
10/28/2021,1796.67,1810.36,1792.49,1798.86
10/29/2021,1799.6,1801.15,1772.11,1782.82
11/1/2021,1780.88,1795.82,1779.35,1791.87
11/2/2021,1791.86,1796.44,1786.3,1787.09
11/3/2021,1787.11,1787.7,1758.99,1773.85
11/4/2021,1773.86,1798.95,1770.9,1791.43
11/5/2021,1791.47,1818.34,1785.335,1818.215
11/8/2021,1818.165,1826.4,1812.2,1824.32
11/9/2021,1824.89,1832.75,1819.23,1831.83
11/10/2021,1831.91,1868.27,1822.71,1849.36
11/11/2021,1849.77,1865.94,1843.02,1862
11/12/2021,1861.86,1868.5,1845.29,1866.08
11/15/2021,1867.85,1870.07,1856.38,1862.8
11/16/2021,1862.91,1877.09,1849.64,1850.43
11/17/2021,1850.32,1868.01,1849.64,1867.43
11/18/2021,1866.9,1870.96,1855.39,1858.91
11/19/2021,1859.23,1865.39,1843.15,1846.97
11/22/2021,1847.07,1849.13,1802.39,1804.8
11/23/2021,1807.295,1812.37,1782.16,1789.12
11/24/2021,1789.28,1796.4,1778.83,1788.64
11/25/2021,1788.34,1795.12,1786.17,1788.635
11/26/2021,1788.705,1815.46,1780.995,1791.875
11/29/2021,1791.875,1799.44,1780.525,1784.71
11/30/2021,1785.15,1808.71,1770.01,1774.96
12/1/2021,1775.085,1793.41,1772.25,1781.87
12/2/2021,1781.97,1783.35,1762.08,1768.3
12/3/2021,1769.75,1786.16,1766.23,1782.96
12/6/2021,1785.3,1787.66,1776.05,1778.48
12/7/2021,1778.935,1787.69,1772.44,1784.17
12/8/2021,1784.575,1793.08,1779.77,1783.09
12/9/2021,1783.25,1787.58,1774.01,1775.17
12/10/2021,1776.02,1789.33,1770.2,1782.9
12/13/2021,1783.395,1791.39,1781.925,1786.68
12/14/2021,1786.15,1789.58,1766.82,1770.7
12/15/2021,1771.32,1780.88,1754.81,1777.13
12/16/2021,1778.36,1799.64,1775.65,1799.23
12/17/2021,1799.16,1814.27,1796.06,1796.14
12/20/2021,1800.04,1804.17,1787.18,1790.9
12/21/2021,1791.56,1800.42,1784.95,1788.97
12/22/2021,1788.7,1805.03,1786.02,1803.66
12/23/2021,1803.935,1810.7,1799.02,1808.57
12/27/2021,1808.005,1813.47,1803.15,1811.97
12/28/2021,1811.67,1820.16,1805.16,1806.15
12/29/2021,1806.19,1807.73,1789.53,1804.38
12/30/2021,1804.48,1817.18,1796.26,1814.69
12/31/2021,1815.085,1830.35,1814.59,1829.5
1/3/2022,1830.05,1831.82,1798.48,1801.32
1/4/2022,1802.37,1816.72,1799.15,1814.64
1/5/2022,1814.09,1829.66,1808.42,1810.29
1/6/2022,1810.76,1811.49,1786.53,1790.98
1/7/2022,1791.22,1798.64,1782.98,1795.81
1/10/2022,1796,1802.36,1790.49,1801.74
1/11/2022,1800.79,1823.28,1800.23,1821.54
1/12/2022,1820.82,1828.08,1814.89,1826.27
1/13/2022,1825.9,1828,1812.58,1822.7
1/14/2022,1821.585,1829.17,1814.8,1816.6
1/17/2022,1817.73,1823.24,1813.2,1819.255
1/18/2022,1818.85,1822.82,1805.88,1813.81
1/19/2022,1813.67,1843.32,1810.37,1840.56
1/20/2022,1839.8,1847.81,1836.12,1839.6
1/21/2022,1839.34,1843.17,1828.6,1831.78
1/24/2022,1834.54,1844.27,1830,1843.17
1/25/2022,1842.99,1853.88,1835.09,1848.15
1/26/2022,1847.955,1850.15,1815.36,1819.45
1/27/2022,1820.015,1822.21,1791.91,1797.2
1/28/2022,1798.075,1799.44,1780.33,1788.87
1/31/2022,1790.41,1799.79,1785.62,1797.35
2/1/2022,1797.985,1808.79,1795.78,1801.11
2/2/2022,1800.655,1810.81,1794.64,1806.9
2/3/2022,1807.07,1808.98,1788.88,1804.86
2/4/2022,1805.39,1814.93,1792.64,1808.13
2/7/2022,1807.59,1823.58,1807.12,1820.54
2/8/2022,1820.93,1828.82,1815.49,1826.03
2/9/2022,1826.01,1835.83,1825,1832.99
2/10/2022,1832.76,1841.96,1821.93,1826.68
2/11/2022,1826.775,1865.44,1821.39,1861.27
2/14/2022,1861.01,1874.19,1850.96,1871.42
2/15/2022,1871.49,1879.51,1844.935,1853.55
2/16/2022,1853.83,1872.58,1850.51,1869.61
2/17/2022,1869.75,1901.16,1867.89,1898.4
2/18/2022,1898.63,1902.49,1886.71,1897.03
2/21/2022,1901.16,1908.28,1887.73,1904.075
2/22/2022,1908.21,1914.15,1891.6,1898.49
2/23/2022,1898.94,1910.55,1889.75,1909.19
2/24/2022,1910.4,1974.04,1881.06,1904.1
2/25/2022,1906.015,1921.34,1883.24,1890.79
2/28/2022,1889.24,1931.48,1889.24,1908.82
3/1/2022,1907.645,1950.04,1901.47,1945.135
3/2/2022,1944.305,1947.97,1914.25,1928.67
3/3/2022,1928.965,1941.15,1922.17,1936.31
3/4/2022,1937.23,1970.25,1929.79,1967.46
3/7/2022,1970.93,2002.6,1961.44,1997.7
3/8/2022,1996.775,2069.94,1981.29,2050.01
3/9/2022,2049.48,2059.18,1976.17,1991.97
3/10/2022,1991.62,2009.07,1970.99,1996.87
3/11/2022,1997.12,1999.02,1959.04,1982.68
3/14/2022,1980.54,1981.04,1949.82,1953.71
3/15/2022,1953.56,1954.69,1907.39,1916.26
3/16/2022,1916.25,1929.54,1895.48,1925.71
3/17/2022,1925.86,1949.75,1925.33,1941.27
3/18/2022,1941.27,1945.21,1918.16,1921.13
3/21/2022,1920.22,1939.96,1918.33,1936.24
3/22/2022,1936.24,1938.36,1911.29,1920.87
3/23/2022,1920.74,1948.41,1915.59,1945.21
3/24/2022,1945.16,1965.74,1937.59,1958.42
3/25/2022,1958.33,1964.27,1943.37,1958.16
3/28/2022,1959.24,1959.75,1917.11,1922.78
3/29/2022,1923.06,1929.38,1890.42,1919.48
3/30/2022,1920.21,1938.18,1916.08,1932.71
3/31/2022,1933.31,1949.8,1919.39,1937.27
4/1/2022,1937.58,1939.54,1918.09,1922.73
4/4/2022,1925.5,1936.8,1916.2,1932.74
4/5/2022,1932.89,1944.57,1918.065,1923.495
4/6/2022,1923.81,1933.565,1916.055,1925.355
4/7/2022,1925.25,1937.815,1920.625,1931.575
4/8/2022,1931.6,1948.115,1927.875,1944.185
4/11/2022,1947.06,1969.125,1940.115,1953.765
4/12/2022,1954.16,1978.405,1949.905,1966.615
4/13/2022,1967.08,1981.555,1962.965,1978.185
4/14/2022,1977.56,1980.405,1961.335,1973.495
4/18/2022,1974.2,1998.325,1971.29,1978.735
4/19/2022,1977.81,1981.985,1944.335,1950.145
4/20/2022,1950.35,1958.355,1939.355,1957.625
4/21/2022,1957.17,1957.625,1936.895,1951.395
4/22/2022,1951.11,1955.635,1926.845,1932.645
4/25/2022,1932.05,1934.425,1891.645,1898.145
4/26/2022,1898.67,1911.165,1895.825,1905.315
4/27/2022,1905.93,1907.095,1881.445,1885.955
4/28/2022,1885.83,1896.755,1872.355,1894.545
4/29/2022,1894.91,1919.975,1892.635,1896.395
5/2/2022,1896.11,1899.955,1855.195,1862.885
5/3/2022,1863.52,1877.955,1850.495,1868.295
5/4/2022,1868.4,1889.595,1861.495,1881.335
5/5/2022,1883.25,1909.845,1872.765,1877.165
5/6/2022,1877.15,1892.555,1866.265,1880.915
5/9/2022,1882.28,1885.765,1852.025,1853.865
5/10/2022,1854.46,1865.455,1835.825,1838.325
5/11/2022,1838.85,1857.985,1832.165,1852.525
5/12/2022,1852.02,1858.895,1821.465,1821.805
5/13/2022,1822.51,1828.785,1799.215,1809.765
5/16/2022,1811.51,1826.865,1787.395,1823.995
5/17/2022,1825.78,1836.075,1812.995,1815.065
5/18/2022,1814.68,1824.685,1807.585,1816.615
5/19/2022,1816.54,1849.165,1811.055,1842.135
5/20/2022,1841.86,1849.445,1832.715,1844.705
5/23/2022,1846,1865.345,1844.17,1853.575
5/24/2022,1853.73,1869.715,1849.425,1866.535
5/25/2022,1865.71,1868.125,1843.565,1853.305
5/26/2022,1853.2,1854.395,1841.785,1850.815
5/27/2022,1851.21,1861.865,1848.125,1853.495
5/30/2022,1853.1,1864.025,1848.275,1855.215
5/31/2022,1855.165,1857.085,1835.195,1837.635
6/1/2022,1836.92,1850.025,1828.635,1846.405
6/2/2022,1846.9,1870.405,1844.195,1868.645
6/3/2022,1869.13,1873.955,1847.515,1850.775
6/6/2022,1850.81,1857.645,1840.715,1841.705
6/7/2022,1841.12,1855.495,1837.205,1852.415
6/8/2022,1852.68,1859.655,1844.735,1853.165
6/9/2022,1852.96,1855.365,1840.315,1847.945
6/10/2022,1848.07,1875.865,1825.615,1871.945
6/13/2022,1871.53,1878.985,1819.105,1819.525
6/14/2022,1820.48,1831.515,1805.185,1808.255
6/15/2022,1808.75,1841.355,1807.59,1833.89
6/16/2022,1833.74,1857.535,1816.355,1856.725
6/17/2022,1855.58,1856.725,1833.975,1837.115
6/20/2022,1838.33,1846.055,1834.895,1836.8
6/21/2022,1838.34,1843.665,1828.695,1833.125
6/22/2022,1833.03,1847.955,1823.555,1837.935
6/23/2022,1837.82,1845.705,1822.615,1822.665
6/24/2022,1823.32,1831.615,1817.015,1823.795
6/27/2022,1838,1840.985,1820.915,1822.775
6/28/2022,1822.73,1829.455,1818.535,1819.945
6/29/2022,1820.08,1832.755,1812.255,1817.915
6/30/2022,1817.86,1824.655,1802.885,1807.215
7/1/2022,1807.3,1809.385,1784.585,1806.055
7/4/2022,1808.81,1814.355,1804.01,1807.95
7/5/2022,1807.95,1812.145,1764.075,1764.785
7/6/2022,1766.33,1772.955,1732.505,1739.295
7/7/2022,1739.7,1748.985,1736.575,1740.225
7/8/2022,1740.38,1751.585,1733.835,1741.515
7/11/2022,1743.08,1744.725,1731.385,1734.065
7/12/2022,1733.56,1742.135,1723.415,1726.205
7/13/2022,1726.125,1745.425,1707.515,1735.655
7/14/2022,1735.85,1736.405,1697.665,1709.935
7/15/2022,1710.81,1716.605,1699.295,1705.795
7/18/2022,1708.1,1723.735,1706.17,1709.145
7/19/2022,1709.54,1718.465,1705.375,1711.715
7/20/2022,1711.77,1714.175,1692.815,1696.605
7/21/2022,1696.51,1720.295,1681.205,1718.335
7/22/2022,1718,1739.125,1712.965,1724.155
7/25/2022,1727.39,1736.245,1714.945,1719.735
7/26/2022,1719.3,1728.235,1713.765,1717.525
7/27/2022,1717.64,1740.335,1711.645,1734.465
7/28/2022,1734.45,1757.115,1734.185,1756.065
7/29/2022,1755.89,1768.005,1752.695,1761.035
8/1/2022,1765.7,1774.965,1758.465,1772.235
8/2/2022,1772.24,1788.055,1760.31,1761.345
8/3/2022,1762.12,1772.745,1754.395,1765.625
8/4/2022,1765.31,1794.965,1763.355,1791.245
8/5/2022,1790.77,1794.935,1765.185,1773.485
8/8/2022,1775.24,1790.105,1771.01,1789.145
8/9/2022,1788.97,1800.455,1783.355,1794.435
8/10/2022,1795.24,1807.785,1787.675,1792.285
8/11/2022,1792.3,1799.205,1783.735,1789.505
8/12/2022,1789.76,1802.155,1784.975,1801.435
8/15/2022,1801.9,1802.47,1773.065,1779.545
8/16/2022,1780.12,1783.185,1771.625,1775.475
8/17/2022,1775.88,1782.375,1759.885,1762.145
8/18/2022,1762.4,1772.445,1755.455,1758.465
8/19/2022,1759.1,1759.295,1745.655,1746.665
8/22/2022,1747.15,1749.135,1728.015,1736.235
8/23/2022,1735.93,1754.165,1730.935,1747.965
8/24/2022,1748,1755.865,1742.565,1751.345
8/25/2022,1751.31,1765.525,1750.025,1758.675
8/26/2022,1758.76,1758.955,1734.275,1736.895
8/29/2022,1736.35,1745.385,1720.405,1737.595
8/30/2022,1737.65,1740.585,1721.225,1724.375
8/31/2022,1723.25,1726.605,1709.695,1711.145
9/1/2022,1711.07,1711.515,1688.925,1697.685
9/2/2022,1696.85,1718.015,1695.095,1709.765
9/5/2022,1712.11,1715.815,1707.885,1710.04
9/6/2022,1709.7,1726.155,1699.985,1701.985
9/7/2022,1702.12,1719.385,1691.445,1718.455
9/8/2022,1718.22,1728.235,1704.105,1708.605
9/9/2022,1708.69,1729.435,1708.605,1715.935
9/12/2022,1717.49,1735.125,1712.095,1724.705
9/13/2022,1724.84,1731.855,1697.225,1702.555
9/14/2022,1701.63,1706.995,1693.735,1697.475
9/15/2022,1697.345,1698.305,1660.565,1664.525
9/16/2022,1665.17,1680.205,1654.245,1673.185
9/19/2022,1675.6,1680.035,1659.795,1675.705
9/20/2022,1675.8,1679.265,1660.055,1664.955
9/21/2022,1665.01,1687.935,1654.375,1673.875
9/22/2022,1673.21,1684.945,1655.735,1671.345
9/23/2022,1671.63,1675.935,1640.135,1643.155
9/26/2022,1644.55,1649.635,1621.245,1622.805
9/27/2022,1622.94,1642.415,1622.805,1629.195
9/28/2022,1629.72,1662.685,1614.905,1660.025
9/29/2022,1659.84,1664.955,1641.675,1660.615
9/30/2022,1660.74,1675.185,1659.365,1661.815
10/3/2022,1661.67,1701.485,1659.765,1699.695
10/4/2022,1698.44,1729.345,1695.275,1726.415
10/5/2022,1725.17,1727.815,1700.855,1716.345
10/6/2022,1716.32,1725.445,1707.025,1712.655
10/7/2022,1712.44,1714.865,1691.195,1695.525
10/10/2022,1696.6,1699.955,1665.945,1668.145
10/11/2022,1668.795,1683.955,1661.115,1666.265
10/12/2022,1666.6,1678.085,1661.535,1673.255
10/13/2022,1673.82,1682.335,1642.475,1666.265
10/14/2022,1666.52,1671.805,1640.385,1642.845
10/17/2022,1643.85,1668.395,1643.65,1650.765
10/18/2022,1650.4,1660.915,1646.065,1652.085
10/19/2022,1652.12,1654.495,1627.865,1629.155
10/20/2022,1629.28,1645.585,1622.545,1628.265
10/21/2022,1628.115,1657.175,1617.395,1655.175
10/24/2022,1658.68,1669.75,1644.055,1649.405
10/25/2022,1650.1,1662.305,1638.405,1653.155
10/26/2022,1652.415,1674.935,1649.855,1664.835
10/27/2022,1664.4,1670.825,1655.065,1663.455
10/28/2022,1662.57,1667.045,1638.325,1645.245
10/31/2022,1644.275,1645.675,1631.955,1632.755
11/1/2022,1632.75,1656.85,1631.42,1648.3
11/2/2022,1646.885,1669.205,1633.385,1634.175
11/3/2022,1634.105,1641.035,1616.755,1630.325
11/4/2022,1630.395,1681.695,1629.485,1681.4
11/7/2022,1674.93,1681.875,1667.175,1675.385
11/8/2022,1675.08,1716.945,1664.785,1712.375
11/9/2022,1711.73,1722.115,1702.285,1707.035
11/10/2022,1706.28,1757.315,1703.965,1755.575
11/11/2022,1754.2,1768.185,1747.435,1767.865
11/14/2022,1771.43,1775.065,1753.475,1771.305
11/15/2022,1770.53,1786.395,1767.155,1778.815
11/16/2022,1777.83,1785.055,1770.355,1773.865
11/17/2022,1773.85,1774.725,1754.685,1760.275
11/18/2022,1760.77,1767.725,1747.625,1748.775
11/21/2022,1750.5,1753.045,1732.665,1737.905
11/22/2022,1738.8,1749.785,1737.115,1740.115
11/23/2022,1740.22,1753.175,1728.93,1749.585
11/24/2022,1749.58,1758.665,1749.275,1755.435
11/25/2022,1755.245,1761.145,1746.075,1754.625
11/28/2022,1754.08,1763.675,1739.795,1741.685
11/29/2022,1740.57,1758.935,1739.96,1749.795
11/30/2022,1749.58,1770.045,1745.505,1768.615
12/1/2022,1768.69,1803.775,1768.585,1802.935
12/2/2022,1802.04,1804.515,1778.89,1797.56
12/5/2022,1797.73,1810.03,1765.92,1768.77
12/6/2022,1768.2,1780.9,1767.34,1771.09
12/7/2022,1771.13,1790.59,1768.87,1786.13
12/8/2022,1785.92,1794.85,1781.42,1789.09
12/9/2022,1789.72,1806.01,1788.61,1795.12
12/12/2022,1796.8,1797.32,1777.69,1781.41
12/13/2022,1781.12,1824.48,1781.12,1810.61
12/14/2022,1810.63,1813.92,1796.5,1807.42
12/15/2022,1807.28,1808.67,1774.39,1776.9
12/16/2022,1776.7,1794.28,1774.53,1792.2
12/19/2022,1792.75,1798.86,1783.95,1787.75
12/20/2022,1787.43,1821.07,1784.68,1817.83
12/21/2022,1817.92,1823.84,1812,1814.37
12/22/2022,1814.03,1820.49,1785.08,1792.45
12/23/2022,1793.52,1803.27,1791.33,1797.69
12/27/2022,1800.9,1833.31,1800.39,1813.63
12/28/2022,1813.84,1814.62,1797.23,1804.35
12/29/2022,1804.42,1820.17,1803.85,1815.02
12/30/2022,1814.74,1826.05,1813.62,1823.48
1/3/2023,1828.86,1849.96,1824.4,1839.54
1/4/2023,1838.77,1865.09,1836.36,1854.66
1/5/2023,1854.5,1859.08,1825.07,1832.96
1/6/2023,1832.34,1869.84,1831.48,1867.01
1/9/2023,1868.22,1881.36,1865.38,1871.78
1/10/2023,1871.09,1880.61,1867.92,1876.96
1/11/2023,1876.7,1886.55,1867.28,1875.65
1/12/2023,1875.05,1901.55,1874.72,1896.87
1/13/2023,1895.84,1921.96,1892.36,1920.74
1/16/2023,1920.2,1929,1910.92,1915.74
1/17/2023,1916.405,1919.08,1903.94,1908.67
1/18/2023,1908.42,1925.83,1896.72,1904.34
1/19/2023,1904.18,1935.19,1901.03,1932.17
1/20/2023,1931.65,1937.47,1920.73,1927.27
1/23/2023,1926.11,1935.55,1911.65,1931.02
1/24/2023,1930.96,1942.54,1917.56,1937.3
1/25/2023,1937.12,1948.06,1920.18,1946.27
1/26/2023,1946.48,1949.16,1919.13,1929.18
1/27/2023,1928.5,1935.01,1917.13,1926.56
1/30/2023,1928.24,1934.48,1920.73,1923.22
1/31/2023,1923.09,1931.08,1901.04,1928.28
2/1/2023,1928.13,1954.41,1920.7,1950.18
2/2/2023,1951.3,1959.71,1911.41,1912.64
2/3/2023,1912.05,1918.61,1861.62,1864.85
2/6/2023,1864.87,1881.19,1860.3,1867.69
2/7/2023,1867.75,1884.23,1865.23,1873.72
2/8/2023,1874.04,1886.12,1869.7,1875.55
2/9/2023,1875.24,1890.16,1859,1861.7
2/10/2023,1862.93,1872,1852.86,1864.2
2/13/2023,1864.7,1866.46,1850.56,1853.45
2/14/2023,1853.82,1869.95,1843.63,1854.46
2/15/2023,1854.08,1860.01,1830.67,1835.91
2/16/2023,1836.44,1845.34,1827.67,1836.5
2/17/2023,1836.51,1843.69,1818.98,1841.93
2/20/2023,1841.01,1847.58,1837.36,1841.295
2/21/2023,1841.9,1843.91,1830.29,1835.01
2/22/2023,1834.88,1845.98,1823.67,1825.26
2/23/2023,1826.05,1833.7,1818.02,1822.37
2/24/2023,1822.69,1827.87,1809,1810.98
2/27/2023,1811.13,1820.14,1806.86,1817.31
2/28/2023,1817.24,1831.21,1805.1,1826.8
3/1/2023,1826.9,1844.31,1823.12,1836.705
3/2/2023,1837.31,1838.84,1830.08,1835.75
3/3/2023,1836.21,1856.33,1835.75,1855.24
3/6/2023,1854.95,1858.31,1845.24,1846.76
3/7/2023,1846.465,1851.64,1812.85,1813.23
3/8/2023,1814.27,1824.29,1809.6,1813.82
3/9/2023,1814.29,1835.41,1812.05,1830.86
3/10/2023,1831.54,1870.01,1827.81,1869.9
3/13/2023,1884.295,1914.66,1871.6,1910.27
3/14/2023,1910.19,1914.18,1895.5,1904.27
3/15/2023,1904.32,1937.35,1885.78,1920.35
3/16/2023,1920.46,1933.37,1907.54,1920.02
3/17/2023,1920.15,1989.33,1918.54,1989.33
3/20/2023,1977.45,2009.6,1965.94,1978.36
3/21/2023,1978.36,1985.15,1935.51,1941.18
3/22/2023,1941.32,1978.8,1934.45,1965.71
3/23/2023,1965.665,2003.36,1965.665,1992.03
3/24/2023,1991.95,2003.01,1975.225,1977.78
3/27/2023,1977.78,1980.75,1944.35,1956.52
3/28/2023,1956.69,1975.31,1949.41,1973.7
3/29/2023,1973.6,1974.48,1958.76,1964.52
3/30/2023,1963.73,1984.29,1955.63,1980.31
3/31/2023,1980.55,1987.06,1966.98,1970.8
4/3/2023,1969.17,1990.52,1949.94,1984.565
4/4/2023,1984.32,2025.02,1977.09,2020.665
4/5/2023,2021.06,2032.02,2010.48,2020.84
4/6/2023,2020.97,2021.46,2001.11,2007.465
4/10/2023,1994.47,2009.83,1981.8,1991.35
4/11/2023,1991.28,2007.5,1988.91,2003.62
4/12/2023,2003.2,2027.86,2001.54,2014.94
4/13/2023,2014.52,2048.19,2014.12,2040.15
4/14/2023,2040.49,2047.47,1992.49,2005.45
4/17/2023,2004.1,2015.04,1981.42,1995.16
4/18/2023,1995.24,2011.89,1991.4,2005.28
4/19/2023,2005.03,2008.22,1969.38,1994.79
4/20/2023,1994.56,2012.3,1990.6,2004.82
4/21/2023,2004.39,2005.59,1971.73,1982.78
4/24/2023,1983.01,1990.85,1974.26,1989.1
4/25/2023,1989.06,2003.77,1976.26,1997.13
4/26/2023,1996.27,2008.93,1983.61,1989.46
4/27/2023,1989.82,2003.33,1974.32,1987.85
4/28/2023,1987.71,1995,1976.44,1989.27
5/1/2023,1989.94,2005.95,1977.18,1982.48
5/2/2023,1982.25,2019.39,1978.74,2016.7
5/3/2023,2016.19,2040.405,2008.44,2038.64
5/4/2023,2066.18,2078.925,2030.49,2050.19
5/5/2023,2049.28,2053.01,1999.63,2018
5/8/2023,2016.72,2029.39,2014.45,2021.49
5/9/2023,2021.1,2037.67,2019.64,2034.56
5/10/2023,2034.58,2048.17,2021.66,2030.185
5/11/2023,2029.96,2040.94,2011.45,2015.12
5/12/2023,2015.09,2022.57,2001.2,2011.06
5/15/2023,2008.5,2022.16,2007.58,2016.46
5/16/2023,2016.39,2018.35,1985.58,1988.92
5/17/2023,1988.86,1993.05,1975.19,1981.57
5/18/2023,1981.69,1986.01,1952.04,1957.53
5/19/2023,1958.2,1983.99,1954.08,1976.33
5/22/2023,1977.89,1982.61,1969.01,1971.82
5/23/2023,1972,1977.65,1954.4,1975.03
5/24/2023,1974.78,1985.15,1956.78,1957.36
5/25/2023,1958.07,1964.83,1938.96,1940.86
5/26/2023,1940.74,1957.25,1937.12,1947.59
5/29/2023,1942.915,1949.81,1940.38,1943.385
5/30/2023,1944.25,1963.56,1932.25,1959.43
5/31/2023,1959.23,1974.84,1953.74,1962.93
6/1/2023,1962.89,1983.13,1953.42,1977.58
6/2/2023,1977.01,1983.49,1948.15,1948.75
6/5/2023,1947.05,1964.02,1938.22,1961.89
6/6/2023,1961.76,1966.35,1954.55,1963.36
6/7/2023,1963.63,1970.06,1939.99,1940.01
6/8/2023,1940.14,1970.2,1939.88,1965.7
6/9/2023,1965.83,1972.84,1957.01,1960.04
6/12/2023,1961.28,1967.04,1949.42,1957.49
6/13/2023,1957.3,1970.11,1940.07,1943.6
6/14/2023,1943.4,1960.36,1939.82,1941.97
6/15/2023,1941.74,1960.3,1925.35,1958.045
6/16/2023,1957.3,1967.92,1953.54,1955.66
6/19/2023,1957.56,1958.77,1947.07,1950.35
6/20/2023,1950.47,1956.69,1929.85,1936.325
6/21/2023,1936.56,1939.54,1919.9,1932.7
6/22/2023,1932.92,1935.06,1912.53,1913.77
6/23/2023,1914.1,1937.32,1910.3,1919.15
6/26/2023,1920.73,1933.365,1920.73,1923.145
6/27/2023,1923.4,1930.575,1911.385,1913.765
6/28/2023,1914.22,1917.185,1902.915,1907.425
6/29/2023,1907.78,1913.055,1893.075,1908.235
6/30/2023,1908.69,1922.785,1900.605,1920.185
7/3/2023,1919.93,1930.945,1910.285,1921.59
7/4/2023,1921.55,1930.745,1919.99,1925.895
7/5/2023,1925.68,1935.025,1914.845,1915.235
7/6/2023,1915.46,1927.595,1902.835,1910.925
7/7/2023,1910.92,1934.755,1909.65,1924.845
7/10/2023,1924.88,1928.175,1912.905,1925.345
7/11/2023,1925.45,1938.435,1924.455,1932.225
7/12/2023,1932.27,1959.665,1932.225,1957.425
7/13/2023,1957.16,1963.385,1952.675,1960.475
7/14/2023,1960.39,1963.805,1951.105,1954.535
7/17/2023,1955.325,1959.865,1945.855,1954.935
7/18/2023,1954.7,1984.395,1954.7,1978.805
7/19/2023,1978.87,1980.95,1969.94,1977.01
7/20/2023,1975.8,1987.52,1965.44,1969.53
7/21/2023,1970.29,1973.73,1956.93,1962.5
7/24/2023,1962.075,1967.925,1953.545,1954.855
7/25/2023,1955.26,1965.585,1953.235,1965.015
7/26/2023,1965.18,1978.095,1962.105,1972.295
7/27/2023,1971.91,1982.16,1942.72,1945.645
7/28/2023,1946.4,1963.545,1945.575,1959.135
7/31/2023,1959.055,1972.395,1951.525,1965.575
8/1/2023,1965.78,1966.065,1941.385,1944.175
8/2/2023,1949.55,1954.795,1933.245,1934.895
8/3/2023,1935.15,1939.005,1929.755,1934.165
8/4/2023,1934.35,1946.595,1928.105,1941.515
8/7/2023,1942.985,1946.755,1931.545,1936.645
8/8/2023,1936.61,1938.135,1922.925,1925.305
8/9/2023,1925.31,1932.415,1914.125,1914.785
8/10/2023,1914.9,1930.065,1912.32,1912.375
8/11/2023,1912.82,1920.925,1911.025,1913.705
8/14/2023,1912.965,1916.195,1902.865,1907.495
8/15/2023,1907.47,1911.675,1896.685,1901.985
8/16/2023,1901.87,1907.26,1891.52,1892.12
8/17/2023,1892.19,1903.47,1885.18,1889.38
8/18/2023,1889.58,1896.77,1886.88,1889.48
8/21/2023,1889.475,1898.71,1884.89,1894.68
8/22/2023,1894.73,1904.38,1889.24,1897.45
8/23/2023,1897.47,1920.39,1897.45,1915.605
8/24/2023,1915.42,1923.375,1912.035,1916.83
8/25/2023,1917.17,1922.325,1903.935,1914.355
8/28/2023,1915.74,1926.155,1912.965,1920.235
8/29/2023,1920.27,1938.215,1914.515,1937.465
8/30/2023,1937.53,1949.005,1935.085,1942.58
8/31/2023,1942.87,1947.845,1939.165,1940.095
9/1/2023,1940.19,1952.925,1934.665,1940.585
9/4/2023,1939.66,1946.355,1936.925,1938.355
9/5/2023,1938.73,1939.025,1925.455,1926.115
9/6/2023,1926.4,1929.185,1915.355,1916.565
9/7/2023,1917.03,1923.435,1916.255,1919.705
9/8/2023,1919.7,1929.595,1917.425,1919.255
9/11/2023,1918.885,1930.595,1917.625,1922.415
9/12/2023,1922.79,1924.575,1907.715,1913.425
9/13/2023,1913.2,1915.725,1905.955,1908.245
9/14/2023,1908.91,1912.945,1901.115,1910.635
9/15/2023,1911.08,1930.395,1909.925,1922.505
9/18/2023,1924.15,1934.265,1922.675,1933.755
9/19/2023,1933.83,1937.425,1929.865,1931.435
9/20/2023,1931.94,1947.465,1928.015,1930.405
9/21/2023,1930.61,1931.565,1914.005,1920.11
9/22/2023,1920.06,1929.095,1919.51,1925.415
9/25/2023,1925.025,1927.185,1915.255,1915.995
9/26/2023,1916.24,1916.815,1899.265,1900.665
9/27/2023,1900.72,1903.84,1872.59,1875.06
9/28/2023,1876.53,1879.55,1857.93,1864.94
9/29/2023,1865.49,1879.78,1846.39,1848.49
10/2/2023,1848.09,1848.99,1827.27,1827.89
10/3/2023,1829.23,1833.185,1815.325,1822.975
10/4/2023,1823.69,1830.405,1816.725,1821.25
10/5/2023,1821.83,1829.225,1813.235,1820.255
10/6/2023,1820.8,1834.745,1810.565,1829.385
10/9/2023,1846.34,1863.535,1844.255,1861.505
10/10/2023,1861.45,1865.41,1853.13,1860.5
10/11/2023,1860.15,1877.23,1858.75,1874.35
10/12/2023,1874.75,1885.02,1868,1868.81
10/13/2023,1869.1,1930.81,1868.81,1928.23
10/16/2023,1929.33,1929.375,1908.395,1920.185
10/17/2023,1920.12,1931.525,1912.525,1923.145
10/18/2023,1924.05,1962.615,1923.145,1947.735
10/19/2023,1947.87,1977.765,1945.295,1974.385
10/20/2023,1973.55,1997.13,1972.09,1979.84
10/23/2023,1973.72,1983.68,1964.46,1972.85
10/24/2023,1973.62,1980.78,1953.72,1971.12
10/25/2023,1971.01,1987.07,1963.51,1979.565
10/26/2023,1980.66,1993.43,1972.09,1984.87
10/27/2023,1984.72,2009.41,1976.96,2007.33
10/30/2023,2001.48,2006.85,1991,1995.14
10/31/2023,1995.12,2007.82,1979,1984.69
11/1/2023,1984.9,1992.03,1970.05,1983.925
11/2/2023,1983.83,1991,1978.97,1985
11/3/2023,1985.01,2004.09,1983.34,1992.57
11/6/2023,1992.57,1993.18,1977.47,1977.99
11/7/2023,1978.13,1978.38,1956.78,1969.13
11/8/2023,1969.33,1971.07,1947.56,1950.28
11/9/2023,1950.03,1965.615,1945.005,1958.435
11/10/2023,1958.27,1960.855,1933.365,1936.025
11/13/2023,1938.78,1949.135,1921.12,1946.21
11/14/2023,1946.3,1970.745,1943.845,1963.125
11/15/2023,1962.81,1975.055,1955.545,1959.395
11/16/2023,1959.975,1987.965,1956.615,1981.27
11/17/2023,1981.175,1993.37,1978.69,1980.79
11/20/2023,1978.57,1985.15,1965.61,1978.015
11/21/2023,1977.785,2007.49,1977.785,1998.41
11/22/2023,1998.63,2006.29,1987,1989.9
11/23/2023,1989.43,1998.57,1989.39,1993.07
11/24/2023,1993.185,2003.64,1991.54,2002.445
11/27/2023,2002,2018.16,2000.68,2014.02
11/28/2023,2015.255,2043.05,2011.8,2040.95
11/29/2023,2041.245,2051.935,2035.645,2044.205
11/30/2023,2044.735,2047.105,2031.625,2036.195
12/1/2023,2037.13,2075.325,2034.015,2070.895
12/4/2023,2074.01,2144.83,2020.675,2029.42
12/5/2023,2029.74,2041.22,2010.05,2019.34
12/6/2023,2019.335,2035.77,2017.5,2025.4
12/7/2023,2026.52,2039.92,2020.39,2028.64
12/8/2023,2028.7,2034.06,1994.85,2002.82
12/11/2023,2003.76,2007.82,1976.08,1981.98
12/12/2023,1982.03,1996.59,1977.26,1979.47
12/13/2023,1979.91,2027.85,1973.14,2027.56
12/14/2023,2028.55,2047.97,2024.515,2036.38
12/15/2023,2036.275,2044.875,2015.715,2018.145
12/18/2023,2019.95,2033.61,2016.06,2027.29
12/19/2023,2027.595,2046.97,2021.8,2040.27
12/20/2023,2040.155,2043.505,2027.545,2031.275
12/21/2023,2032.265,2046.12,2031.635,2045.81
12/22/2023,2049.815,2070.585,2046.815,2053.335
12/26/2023,2053.855,2069.135,2053.19,2068.045
12/27/2023,2068.395,2084.465,2061.585,2077.675
12/28/2023,2077.86,2088.505,2064.765,2065.445
12/29/2023,2066.535,2074.735,2058.415,2063.235
1/2/2024,2063.76,2078.915,2056.285,2058.94
1/3/2024,2059.14,2066.035,2030.775,2041.45
1/4/2024,2042.175,2050.975,2036.495,2043.56
1/5/2024,2043.945,2063.825,2024.875,2043.805
1/8/2024,2045.37,2046.675,2017.815,2028.075
1/9/2024,2028.35,2041.38,2026.18,2030.21
1/10/2024,2030.53,2039.74,2020.53,2024.39
1/11/2024,2024.42,2039.61,2013.4,2028.995
1/12/2024,2029.105,2062.09,2028.88,2047.59
1/15/2024,2048.62,2058.635,2045.905,2054.815
1/16/2024,2054.92,2055.635,2024.395,2028.345
1/17/2024,2028.1,2033.03,2001.95,2006.26
1/18/2024,2006.02,2023.35,2005.92,2023.17
1/19/2024,2024.35,2039.35,2020.46,2028.52
1/22/2024,2029.99,2032.21,2017.22,2021.645
1/23/2024,2021.945,2037.81,2019.71,2029.26
1/24/2024,2029.03,2036.65,2011.36,2014.01
1/25/2024,2014.49,2025.14,2010.6,2020.88
1/26/2024,2020.545,2026.85,2016.07,2018.66
1/29/2024,2023.9,2037.43,2019.45,2032.865
1/30/2024,2032.895,2048.625,2029.275,2036.95
1/31/2024,2037.115,2056.005,2031.145,2039.57
2/1/2024,2039.93,2065.375,2030.165,2054.99
2/2/2024,2054.825,2057.665,2028.015,2036.135
2/5/2024,2039.8,2042.325,2015.005,2025.17
2/6/2024,2025.04,2038.95,2023,2036.05
2/7/2024,2036.055,2044.575,2030.695,2035.145
2/8/2024,2035.2,2038.685,2020.275,2034.48
2/9/2024,2034.57,2037.035,2020.465,2025.175
2/12/2024,2023.51,2027.48,2011.99,2020.035
2/13/2024,2019.885,2032.79,1990.27,1993.245
2/14/2024,1993.295,1996.08,1984.39,1992.35
2/15/2024,1992.575,2008.22,1990.28,2004.3
2/16/2024,2004.335,2015.22,1995.28,2012.03
2/19/2024,2015.2,2023,2012.03,2018.03
2/20/2024,2018,2030.92,2015.08,2024.335
2/21/2024,2024.425,2032.17,2020.24,2026.095
2/22/2024,2025.97,2034.83,2019.86,2024.45
2/23/2024,2024.575,2041.35,2016.11,2036.63
2/26/2024,2034.5,2037.045,2025.155,2031.215
2/27/2024,2031.45,2039.51,2028.84,2030.32
2/28/2024,2030.7,2037.81,2024.59,2034.52
2/29/2024,2035.32,2050.725,2028.195,2044.195
3/1/2024,2043.93,2088.365,2039.125,2083.595
3/4/2024,2082.21,2119.915,2079.535,2114.625
3/5/2024,2114.96,2141.77,2110.53,2127.75
3/6/2024,2127.98,2152.25,2123.81,2147.86
3/7/2024,2148.815,2164.54,2144.35,2160.115
3/8/2024,2159.52,2195.135,2154.125,2177.405
3/11/2024,2177.355,2188.855,2175.255,2181.395
3/12/2024,2181.285,2184.585,2150.715,2158.655
3/13/2024,2158.855,2179.885,2155.865,2174.705
3/14/2024,2174.755,2176.975,2153.015,2161.625
3/15/2024,2161.545,2172.765,2155.285,2156.065
3/18/2024,2155.06,2163.47,2146.15,2161.375
3/19/2024,2161.295,2162.885,2147.305,2158.795
3/20/2024,2158.795,2221.765,2149.715,2200.775
3/21/2024,2200.945,2211.795,2166.735,2181.355
3/22/2024,2181.305,2186.135,2157.255,2165.225
3/25/2024,2166.405,2181.145,2163.755,2172.085
3/26/2024,2172.185,2199.955,2167.855,2178.375
3/27/2024,2178.385,2197.605,2173.805,2192.355
3/28/2024,2192.525,2234.525,2187.435,2233.99
4/1/2024,2239.27,2265.66,2228.63,2251.9
4/2/2024,2251.025,2281.075,2246.85,2280.495
4/3/2024,2280.33,2301.14,2265.8,2300.44
4/4/2024,2299.77,2305.145,2280.985,2291.035
4/5/2024,2290.935,2330.215,2268.005,2323.585
4/8/2024,2324.4,2352.875,2303.045,2339.325
4/9/2024,2338.97,2365.375,2337.005,2352.95
4/10/2024,2352.925,2360.11,2319.59,2334.19
4/11/2024,2333.96,2377.725,2325.905,2372.55
4/12/2024,2371.94,2431.44,2333.99,2343.14
4/15/2024,2363.95,2387.525,2324.655,2383.225
4/16/2024,2382.985,2398.17,2363.13,2382.58
4/17/2024,2382.25,2395.61,2356.655,2360.38
4/18/2024,2361.57,2392.335,2361.57,2379.305
4/19/2024,2378.695,2417.64,2373.05,2387.69
4/22/2024,2386.75,2388.45,2325.4,2327.075
4/23/2024,2327.46,2334.465,2292.055,2322.02
4/24/2024,2321.87,2336.95,2312.17,2316.11
4/25/2024,2315.545,2344.79,2305.58,2332.22
4/26/2024,2332,2352.485,2326.465,2340.085
4/29/2024,2336.49,2346.595,2320.595,2335.74
4/30/2024,2335.345,2336.315,2285.265,2285.94
5/1/2024,2286.555,2328.29,2281.7,2319.305
5/2/2024,2320.46,2326.46,2285.77,2303.67
5/3/2024,2303.845,2320.34,2277.67,2301.52
5/6/2024,2304.565,2331.95,2292.15,2323.97
5/7/2024,2324.43,2329.89,2310.22,2313.99
5/8/2024,2313.825,2321.44,2303.96,2308.385
5/9/2024,2308.495,2347.25,2306.83,2346.3
5/10/2024,2346.385,2378.415,2345.385,2363.435
5/13/2024,2364.4,2364.555,2332.745,2336.465
5/14/2024,2336.005,2359.655,2334.925,2357.985
5/15/2024,2358.205,2390.125,2352.005,2386.085
5/16/2024,2385.855,2397.26,2371.18,2376.74
5/17/2024,2377.09,2419.13,2374.14,2416.5
5/20/2024,2418.63,2450.05,2407.87,2426.36
5/21/2024,2426.48,2433.765,2406.485,2420.935
5/22/2024,2421.175,2426.57,2375.02,2378.74
5/23/2024,2379.775,2383.79,2327.3,2328.885
5/24/2024,2329.04,2347.315,2325.675,2333.825
5/27/2024,2336.24,2358.465,2332.445,2350.845
5/28/2024,2351.59,2364.045,2340.445,2361.215
5/29/2024,2361.06,2362.55,2335.445,2337.81
5/30/2024,2338.175,2351.755,2322.845,2343.245
5/31/2024,2344.15,2359.695,2320.655,2327.825
